V101,gender,educ,race,pid7,pid3,ideo5,emote,treatd,lovec,auth,purity,math,weak,unfair,betray,conform,disgust,cruel,rights,loyal,chaos,goddis,compat,treatf,proudc,authc,nodisgust,dogood,hurt,justice,loyalf,roles,notnat,kill,rich,team,obey,chaste,religattend,income,age,state,zip,county,inputstate
161029094,2,5,1,1,1,2,6,6,4,3,,,,6,,,,,,5,5,2,,,,4,6,6,,5,2,2,1,,3,,,,3,,70,CO,80303,Boulder CO,8
161564476,1,3,4,4,3,,,4,4,,3,3,,,4,,,,4,4,,4,4,4,5,,,5,,4,3,,,,,,4,4,6,1,61,CA,93041,Ventura CA,6
161641851,2,2,1,1,1,3,6,,6,6,,1,,,6,,6,,,6,6,,6,6,,,6,,,6,6,,,,1,,6,6,2,4,43,MI,49721,Cheboygan MI,26
161801263,1,5,1,3,3,2,,,6,5,,5,5,5,5,6,,,6,,,,5,,,,6,5,,6,4,,,2,,,5,5,4,5,72,CA,90806,Los Angeles CA,6
161810562,2,3,1,3,,3,,,,,,1,,,,4,6,6,,,,,5,,5,6,4,,,,,,3,,2,2,,4,4,5,60,TX,76661,Falls TX,48
161818592,1,3,1,6,2,4,1,1,,,6,,6,,6,1,,,6,,,6,,6,6,,,,6,6,1,1,,,3,,6,,4,,67,CA,93908,Monterey CA,6
161819192,1,5,1,7,2,5,,,6,,6,1,6,,,,3,5,,5,6,,,6,,6,2,,,,,1,6,1,1,1,,,2,,73,MI,49916,Houghton MI,26
161819622,1,5,1,7,2,5,1,1,1,,,,,1,,1,1,,,1,1,,,,6,,,,6,5,,,5,1,,4,6,5,5,9,68,CA,92117,San Diego CA,6
161823903,1,4,1,5,3,3,,,,3,5,,,5,5,5,,,5,,4,1,5,,5,,5,,6,,5,,,3,,1,5,,6,5,73,TX,75495,Grayson TX,48
161831101,2,4,1,3,3,3,5,,5,5,4,2,6,,,,6,,6,,,,,,6,6,6,6,,6,3,,,,,5,,4,6,,74,MD,20794,Howard MD,24
161847352,2,3,1,7,2,5,5,5,6,5,,,,5,5,,,5,,,5,,,,6,,,6,6,6,,4,,3,,4,6,,3,10,70,CA,96101,Modoc CA,6
161854509,1,3,1,7,2,5,,,,5,,5,,6,,5,5,,5,,6,6,6,6,6,,,6,,,,6,6,,,6,,5,1,10,70,NV,89144,Clark NV,32
161855354,2,3,2,2,1,4,4,5,6,5,5,4,4,6,6,4,6,6,5,5,6,6,5,6,5,6,6,6,5,5,5,5,4,5,1,5,5,6,3,3,54,VA,24055,Henry VA,51
161876971,1,5,1,5,3,4,,,,,,1,,,1,1,1,,1,1,1,6,5,4,6,,5,6,5,,,,,5,,,,6,1,10,59,IL,60126,DuPage IL,17
161877278,1,6,6,,2,4,6,5,6,6,6,4,6,6,6,4,6,6,6,6,6,6,6,5,5,6,6,6,6,6,1,6,6,3,3,2,3,6,1,9,57,KS,67207,Sedgwick KS,20
161885566,2,6,1,3,3,3,,,,4,,,4,4,,,3,6,,3,3,3,6,,4,,,6,6,5,,,,3,,,4,6,4,10,39,NC,28025,Cabarrus NC,37
161896117,2,6,1,2,1,3,5,5,3,4,4,1,2,5,2,3,3,5,4,3,3,1,4,6,6,6,5,6,6,4,5,6,2,3,6,3,6,2,5,7,57,CO,80920,El Paso CO,8
161986099,1,5,1,6,2,4,2,4,3,4,2,1,1,5,4,2,2,5,5,3,3,1,2,6,6,5,5,6,6,6,4,5,4,1,6,4,5,3,5,,70,WA,98075,King WA,53
161992207,1,6,1,7,2,4,,3,3,,,,,3,5,,4,,4,5,5,,4,,,6,,6,,6,5,6,6,,,,6,,5,7,52,NY,11961,Suffolk NY,36
161992392,1,6,6,1,1,1,,5,4,4,,,,5,4,4,,,,4,,1,,6,,,,6,,,6,4,,6,6,,3,3,5,1,75,CA,94602,Alameda CA,6
161996797,1,3,7,3,,2,,,5,5,6,,,5,5,,,5,,,,1,6,5,,5,5,6,,5,,1,,,,3,,,6,4,36,MT,59701,Silver Bow MT,30
162003327,1,5,1,4,,4,,4,4,2,5,1,,6,,3,,,5,,,,,5,5,,,6,4,5,,,4,,1,,4,,2,8,49,KY,40228,Jefferson KY,21
162004134,1,3,7,5,3,5,,1,1,1,,,,,1,,,,6,1,1,6,,1,,,,6,,6,1,,1,1,,,5,6,1,,59,AL,36312,Houston AL,1
162022312,1,5,1,7,2,5,,,,1,2,2,2,,6,3,4,3,,,,,,,,,2,6,,1,3,5,2,,,3,4,,5,10,47,MN,55057,Rice MN,27
162140074,1,2,1,5,3,4,2,2,,,,1,,3,5,,,5,5,,6,,4,4,6,,5,6,,,4,,,3,,,,6,5,11,72,TN,37830,Anderson TN,47
162143368,1,5,1,3,3,3,,,,2,2,2,2,2,,,2,,,,2,2,,1,1,1,6,,,6,5,,,1,,,6,,1,10,72,PA,19030,Bucks PA,42
162155272,2,3,1,1,1,3,,5,,,5,3,5,5,,5,,,5,,,4,5,5,5,,5,,,,2,,,2,,4,,4,5,4,53,AZ,85234,Maricopa AZ,4
162162587,1,5,1,5,3,3,4,,,4,,1,3,,,,,,,,,,4,,5,5,3,5,,,,4,,,,3,,2,5,11,69,NC,27540,Wake NC,37
162172460,1,6,1,1,1,1,6,4,3,3,6,2,4,4,3,1,2,5,6,2,4,2,5,4,2,3,2,6,5,5,4,2,1,5,3,3,4,1,5,7,51,WA,98225,Whatcom WA,53
162181182,1,3,1,5,3,4,,4,6,5,5,,,,5,,5,,4,,,4,5,,6,6,,6,,6,,,5,,1,4,,,5,8,70,AZ,85234,Maricopa AZ,4
162181786,1,5,1,5,3,4,,3,5,,6,,,,,,6,5,6,6,6,,5,6,,,,6,,,5,6,,,2,3,,5,2,6,78,MA,2339,Plymouth MA,25
162194142,1,6,1,7,2,4,1,,,,6,1,6,1,,,,,6,6,,6,,1,6,6,,,,6,,6,6,,,,6,6,6,3,66,CA,93722,Fresno CA,6
162225876,2,5,1,1,1,2,4,5,,,5,1,5,5,3,,5,,,,,,,6,,5,4,6,,5,,,,,,3,4,4,4,3,68,NC,28203,Mecklenburg NC,37
162237794,1,1,2,2,1,3,,,4,,,4,,,4,4,,4,4,,4,4,4,,,4,4,4,,4,4,,,4,4,,,,4,,24,NY,11205,Kings NY,36
162252706,1,5,1,3,3,2,5,5,5,2,6,3,5,5,5,4,,,,,,1,5,6,6,6,6,6,6,5,1,1,1,6,1,4,3,1,2,5,84,CA,92264,Riverside CA,6
162253360,1,2,1,4,3,3,,5,5,5,,,5,,5,3,,,5,,,1,5,,5,,,,3,,3,3,4,,3,,4,,5,6,67,WI,53545,Rock WI,55
162253615,1,6,1,3,3,2,,6,6,,6,1,6,6,,,,,6,6,,,6,6,,,6,,6,,4,4,,,2,,6,,6,12,75,TN,37760,Jefferson TN,47
162254090,1,4,7,,,,,,,6,,,6,,6,,6,6,6,6,,6,,6,,6,6,6,,6,,1,,,,6,6,,,2,57,LA,70507,Lafayette Parish LA,22
162254822,2,3,1,4,3,3,,5,3,,,1,6,,2,2,,6,5,,,,6,6,,4,,,6,6,,,,6,5,2,,,4,6,57,OK,73722,Alfalfa OK,40
162255460,2,4,1,,1,3,,6,,,,3,,5,6,,,6,6,,5,4,6,6,,,,,,6,,1,1,2,,,2,1,2,,71,TN,37421,Hamilton TN,47
162258255,1,6,1,6,2,3,1,1,1,1,1,1,3,1,1,2,1,1,2,1,1,1,6,6,6,6,2,6,6,6,3,2,1,3,1,4,6,2,5,11,71,CA,91030,Los Angeles CA,6
162258988,1,2,1,2,1,3,5,5,6,5,6,3,5,5,6,6,5,5,6,6,5,6,6,6,6,6,6,6,6,6,6,4,4,3,6,6,6,4,3,6,64,FL,33430,Palm Beach FL,12
162259077,1,5,1,5,3,3,4,,,3,5,,,,5,,6,5,,5,,5,5,1,5,,6,,,2,,,6,4,2,,,,4,7,72,MT,59746,Beaverhead MT,30
162260271,2,2,1,7,2,5,,4,4,,2,1,,,3,,,3,,,3,6,6,,,6,1,6,,,,,4,1,1,,6,,4,6,45,IL,60638,Cook IL,17
162260310,2,6,1,1,1,1,,,1,,3,,,,3,1,2,6,,,2,1,6,6,5,2,,5,,6,,,,1,,4,,,5,12,59,NM,87107,Bernalillo NM,35
162262738,1,3,1,7,2,5,2,,1,,6,,,6,6,,6,6,,,,6,,6,,5,5,,,4,,,4,1,,,6,4,4,10,65,NE,69101,Lincoln NE,31
162262900,1,6,1,3,3,1,1,,,,,2,5,,3,1,,5,5,,2,,5,6,4,,1,6,,,,,2,2,5,,,,6,13,56,CA,94044,San Mateo CA,6
162263402,1,3,1,5,3,5,,1,1,,,1,,,,1,3,5,2,,,1,3,,,5,,6,6,6,,1,,1,1,,,,6,,68,MA,1821,Middlesex MA,25
162264198,1,3,1,2,1,3,1,2,1,4,6,1,5,5,5,3,4,5,5,4,6,6,5,5,6,6,5,6,6,6,6,6,6,6,6,6,6,6,5,5,69,MO,65032,Cole MO,29
162264469,2,6,1,1,1,2,,,4,4,4,,,,5,2,,5,5,,5,,6,,,5,5,,5,,,,,,,,,,2,10,65,IL,60640,Cook IL,17
162265057,2,5,1,2,1,3,4,5,3,4,5,3,4,5,3,3,5,5,4,3,4,5,4,6,5,5,5,5,6,5,3,1,4,3,4,3,4,4,2,3,52,FL,32784,Lake FL,12
162265424,2,6,1,1,1,2,5,6,4,3,4,2,5,5,5,4,4,6,6,4,5,1,6,6,4,4,4,6,6,6,3,3,1,5,3,2,5,1,6,8,52,WI,54082,St. Croix WI,55
162267511,1,3,1,3,3,3,1,,,2,,3,,4,5,,,,5,4,,1,6,,5,,,,6,,5,2,,5,,5,,3,6,3,65,MA,1373,Franklin MA,25
162267753,1,3,1,5,,3,,4,,3,4,,,,3,,,,2,,,3,3,,,,3,5,6,,5,6,3,,,1,,,5,7,45,MA,1821,Middlesex MA,25
162267789,1,5,1,6,2,4,2,2,5,6,6,4,4,5,6,5,4,5,4,4,4,4,5,3,6,6,5,6,4,4,4,6,5,3,1,2,6,6,3,6,62,MN,55305,Hennepin MN,27
162267890,1,3,1,7,2,5,,6,6,,,1,,6,,,6,,3,6,6,,,,6,6,,,6,6,5,,6,,1,2,,,5,5,65,WA,98513,Thurston WA,53
162268191,1,4,1,1,1,3,6,6,,,6,,6,,,1,6,,5,6,,,,6,,6,,,,5,,6,6,1,,,6,2,6,,66,CA,91344,Los Angeles CA,6
162269233,2,4,1,7,2,5,,5,,5,,1,5,5,,2,,5,,,5,,5,,5,5,4,6,,5,,,,,,4,5,,1,7,51,PA,16509,Erie PA,42
162269327,2,3,1,7,2,5,1,1,3,,,1,2,2,,1,,,,,,1,,3,6,,,6,4,,2,6,,5,,1,,,2,7,50,AZ,85374,Maricopa AZ,4
162269763,2,4,1,3,3,3,,,,4,,2,4,5,,2,,5,6,,,4,,,6,,5,,,,5,1,4,5,,3,4,,4,8,60,NC,28146,Rowan NC,37
162270775,2,2,1,7,2,5,5,5,,,,2,5,,,,1,6,,6,,6,,,6,6,,,,,6,,5,6,,2,6,6,2,,73,MO,63011,St. Louis MO,29
162272231,1,6,1,6,2,3,2,5,2,3,,,,,,,,,,,,,4,5,,,4,,,,5,,,,,,,,5,11,71,SC,29455,Charleston SC,45
162272366,1,5,1,4,3,3,3,4,2,3,2,2,3,4,3,3,4,4,5,4,4,2,5,6,5,6,2,5,5,5,4,1,2,3,1,3,3,2,5,8,56,MI,49014,Calhoun MI,26
162272644,1,6,1,5,3,4,3,,,3,,,3,,5,,4,5,,5,6,,4,,6,,5,,,,,4,,,1,2,4,4,4,,62,TX,75238,Dallas TX,48
162272938,1,3,1,2,1,2,,,2,,,,2,2,2,2,,3,,2,2,,4,,,,1,,,4,3,3,1,1,,1,,,6,8,40,KS,66801,Lyon KS,20
162273104,1,5,1,7,2,4,,,5,5,,2,5,6,2,1,,,,,4,,,,6,6,,,2,,1,6,,1,,,2,6,2,,49,CO,80917,El Paso CO,8
162273860,2,3,1,7,2,4,1,,2,3,2,1,,4,,,,,2,1,,,4,4,6,,4,,5,,,,,,,,5,4,1,6,51,TX,78611,Burnet TX,48
162273982,2,4,1,7,2,3,6,6,6,6,6,1,3,4,6,3,2,3,4,4,3,3,6,6,5,6,6,6,6,6,6,4,4,1,1,2,5,4,6,4,51,IN,46052,Boone IN,18
162276316,1,3,1,7,2,5,2,3,6,4,5,1,2,5,6,2,2,3,5,6,4,1,1,6,6,5,1,6,6,5,2,6,1,1,1,4,6,1,5,7,70,TX,76116,Tarrant TX,48
162277874,2,3,1,1,1,,4,,,,,,5,6,6,2,,6,6,,,6,5,,,,6,,6,,5,6,4,,,3,,3,2,5,55,DE,19801,New Castle DE,10
162278504,2,2,1,,2,,,,,,5,3,,4,4,4,,,5,4,3,,,6,,5,6,,5,5,,4,5,,,,4,,2,,22,WI,53149,Waukesha WI,55
162280729,1,3,2,3,3,2,,,4,5,5,,4,,,,,,,,,,5,6,3,,,,5,,,,5,,3,2,5,,4,,51,TX,78723,Travis TX,48
162280760,1,3,1,6,2,4,,,,,,3,5,4,,,,5,5,4,5,4,4,6,,,,,5,5,,,,,,,,,4,5,59,OH,44436,Mahoning OH,39
162281277,1,5,3,4,3,2,,,,,,1,,,6,,5,5,1,5,6,5,,,6,6,6,6,,6,6,,5,,3,,,,4,7,41,CA,92231,Imperial CA,6
162281439,1,5,1,3,3,3,3,,,2,,1,4,,4,4,,,,5,,1,,,6,6,6,6,6,,,,,,3,,6,5,6,3,86,VA,23234,Chesterfield VA,51
162281512,1,6,1,7,2,4,,5,6,,5,3,3,4,,4,5,,,,,,4,4,,,4,,,5,4,,3,,,,4,5,2,12,64,TX,75019,Dallas TX,48
162281929,2,5,1,7,2,5,,,,6,,4,6,6,6,,5,6,,,6,,6,5,6,,,6,,,,,6,6,1,,,6,2,,66,IN,46220,Marion IN,18
162282664,2,5,1,1,1,1,6,6,,6,,,,6,,4,4,6,,,,4,,,,5,5,,,4,4,,1,6,4,,3,,1,9,73,GA,30004,Fulton GA,13
162284625,1,5,1,5,3,4,2,5,6,5,6,1,3,5,6,3,5,6,6,6,6,4,4,5,6,6,6,6,5,5,6,6,5,5,1,5,6,5,1,6,69,IL,61401,Knox IL,17
162285072,1,6,1,1,1,3,3,4,2,1,1,1,5,5,4,1,3,6,4,4,4,4,5,5,4,4,4,6,4,5,5,4,2,4,3,2,5,4,5,11,62,CA,92592,Riverside CA,6
162285305,1,6,1,1,1,3,4,4,4,4,3,,,,,2,3,,,,4,,5,5,,5,,6,,4,,4,,,2,2,,,3,6,69,MT,59802,Missoula MT,30
162285503,1,5,1,5,3,4,2,4,5,5,4,3,3,4,5,3,5,5,6,5,,2,5,4,6,6,4,6,5,5,5,4,4,6,1,1,1,4,6,9,64,OR,97230,Multnomah OR,41
162290467,2,4,1,1,1,1,4,,,3,,,,4,5,2,,,4,,4,1,,4,,5,1,,6,4,,3,,,,2,,1,5,9,66,CA,90034,Los Angeles CA,6
162290658,2,3,1,7,2,4,4,,,,,1,,,,3,3,6,,3,5,6,6,,,6,,6,6,6,,,,5,,,5,5,4,,75,FL,32118,Volusia FL,12
162292713,1,2,1,5,3,4,,,,5,5,,5,,6,,4,,,6,6,4,4,,,6,,,4,6,,6,6,,,1,,6,3,6,79,FL,33067,Broward FL,12
162293931,2,2,1,6,2,,5,,4,6,,,5,,,3,6,,4,,6,,5,6,4,,,6,,,,5,5,,,2,,6,2,6,50,FL,32218,Duval FL,12
162295145,1,2,7,4,,3,6,,,6,6,1,6,6,,1,,,6,,,,,,,6,,6,6,6,,1,6,,1,,,6,1,11,58,LA,70817,East Baton Rouge Parish LA,22
162296632,1,6,1,3,3,3,4,4,4,4,4,4,4,4,4,4,4,4,4,4,4,1,3,5,5,5,4,5,4,5,3,4,3,3,5,4,3,2,6,7,70,MI,49441,Muskegon MI,26
162296675,1,6,1,7,2,5,5,5,6,,,,,6,,,5,5,,6,6,,6,,6,,6,,,,,,6,6,1,3,5,,4,8,70,SC,29678,Oconee SC,45
162297234,2,3,1,7,2,4,,5,,,,,,5,5,4,,6,,6,6,6,5,6,,,,6,5,5,,,,,1,,5,5,2,,77,AL,35242,Shelby AL,1
162297710,2,3,1,2,1,,2,2,,,2,2,3,3,3,,,3,,,,,,,6,6,,,,6,,6,,3,3,3,4,,6,2,55,OH,44514,Mahoning OH,39
162297798,2,3,1,5,3,4,,5,5,5,,,4,,,,,,,,,,,,5,6,,,4,6,,1,4,,1,,6,,2,3,67,IN,47432,Orange IN,18
162298035,2,6,1,5,3,4,3,3,,3,,1,,,,1,,1,,,1,1,4,4,5,,,,4,,2,,,,,2,4,4,6,9,63,CA,95816,Sacramento CA,6
162300118,1,3,1,5,3,3,3,4,,,5,5,,5,,4,,,,5,,5,4,6,,,,,6,5,6,2,,2,,,,5,5,3,62,FL,33771,Pinellas FL,12
162300599,1,2,1,5,3,4,3,4,5,5,5,5,4,4,5,5,3,5,5,5,5,5,5,4,5,6,3,6,6,5,5,5,5,1,1,3,6,4,5,,58,OH,45069,Butler OH,39
162300641,1,6,1,1,1,1,,,4,,4,1,,5,5,,,6,,3,,1,,,,5,3,,6,3,5,1,1,,,2,,,5,10,75,MI,49120,Berrien MI,26
162304492,1,5,1,3,3,3,,,2,2,4,1,,6,,,,5,,,4,1,,5,,4,1,,4,,,,,2,,1,5,1,4,11,67,MN,55117,Ramsey MN,27
162304629,1,3,5,4,3,1,,5,,,5,,5,,,2,5,5,,,5,2,6,,,,,6,5,5,,,3,,4,3,,2,5,2,49,CO,80904,El Paso CO,8
162305927,2,5,1,1,1,1,,6,4,4,,,,6,5,,4,,,4,4,,,,5,,,,5,,5,2,1,,1,,4,1,4,6,73,PA,19343,Chester PA,42
162305933,2,3,1,4,3,3,,6,,4,,,6,,6,,4,6,6,,,3,,6,5,,5,5,,,,,,,,,,,5,,75,OH,44432,Columbiana OH,39
162306073,2,4,1,4,3,,,6,4,3,3,1,,,,,,6,,3,5,,6,,6,,3,6,,,3,,,,,,1,1,3,5,55,OK,73521,Jackson OK,40
162306094,2,6,2,7,2,5,3,4,4,,,,4,,,2,5,5,,,,6,,3,5,,6,,5,,,,4,5,,,5,6,1,11,58,CA,91750,Los Angeles CA,6
162307534,1,6,1,5,3,3,3,4,2,5,2,1,3,,3,,,,,,,,4,5,,,5,6,,,,5,5,,,2,5,,4,11,66,FL,32055,Columbia FL,12
162307738,1,6,4,5,3,4,4,,5,4,6,3,,,4,4,,,,,5,,3,,4,,,6,5,5,,5,3,,,,,4,3,6,74,HI,96734,Honolulu HI,15
162307745,1,6,1,1,1,2,4,5,5,5,4,4,5,5,5,4,4,6,6,5,6,2,6,6,5,6,4,6,5,6,3,6,4,4,4,3,3,2,1,13,72,NY,10708,Westchester NY,36
162307839,1,4,1,4,3,5,3,,,3,,,,,,1,6,4,6,3,,6,3,6,,1,,,2,,,4,6,1,1,,,,4,12,42,VA,24605,Tazewell VA,51
162307924,1,5,1,1,1,2,,,3,3,4,,5,,5,,,6,6,4,,,,6,,,,6,,,5,4,,6,,2,4,4,2,8,69,WA,99354,Benton WA,53
162308566,2,3,1,5,3,4,,,1,,,1,1,1,,,,,,,,,6,5,,,4,6,,,1,6,,,1,,,5,2,,66,MI,48035,Macomb MI,26
162308719,2,5,1,3,3,3,4,5,,,,3,,4,,,4,,5,,5,2,5,5,,,4,,6,5,5,4,4,,,,,,6,8,60,KS,66206,Johnson KS,20
162312336,2,6,1,1,1,2,,4,2,3,2,,,5,,,,6,,,5,1,,6,,4,4,,6,,4,5,,,,2,3,,6,11,62,ME,4101,Cumberland ME,23
162313411,1,5,1,5,,4,,6,,5,5,,5,,,,6,6,,4,4,,5,6,,4,5,,6,4,,6,,,,1,,,4,11,66,IL,60527,DuPage IL,17
162315458,1,6,1,1,1,1,,4,,5,2,,,,,1,3,,,3,4,1,,,4,5,4,6,,6,4,3,,,,,,2,6,11,67,CA,94544,Alameda CA,6
162317945,1,5,1,7,2,5,6,6,5,5,,,,4,,2,,5,,,,5,,6,,6,5,,6,,,6,5,5,,1,,,1,10,48,NY,11787,Suffolk NY,36
162319646,1,6,1,6,2,5,,4,,4,5,,,5,5,3,,,5,4,,,4,,,5,4,,6,6,,,,,1,4,,6,5,13,65,ID,83709,Ada ID,16
162320724,2,3,1,2,1,3,,,4,4,6,,,6,,4,,,,5,5,5,,,4,,,6,6,6,,,5,2,2,,,5,5,1,55,FL,33020,Broward FL,12
162322680,1,6,1,5,3,4,3,3,4,,,2,,4,6,,,4,,,,5,4,4,5,6,,,6,5,,,,,1,2,,,2,14,66,NE,68901,Adams NE,31
162323630,1,6,1,4,3,3,,1,,1,1,1,,,,,,5,6,3,4,,5,,6,5,,6,,,5,5,,,1,,5,,4,11,64,IL,60089,Lake IL,17
162324222,2,4,1,5,3,5,1,,1,1,,,4,,,,,1,,1,1,6,,,3,5,,6,5,,,6,6,1,,,,6,5,5,60,IL,61938,Coles IL,17
162324475,2,5,1,1,1,2,,5,2,,5,3,,5,5,,,,,5,6,,,,6,,,6,,,4,2,2,,3,1,,4,2,4,54,FL,34472,Marion FL,12
162324506,2,6,1,7,2,5,,,6,,6,,6,,6,4,6,6,,,,6,,,6,6,6,6,,,,,6,,1,,4,6,5,,64,MS,39347,Jasper MS,28
162324757,2,3,1,7,2,4,,4,5,6,,,6,6,,,6,,5,,,6,,,5,6,,,6,,6,5,,,4,6,4,,2,3,66,FL,34986,St. Lucie FL,12
162325667,2,5,1,1,1,1,6,6,2,5,4,4,6,6,2,3,6,6,6,3,2,3,6,6,4,6,5,6,6,6,2,3,4,5,6,6,5,4,3,9,56,NJ,8620,Mercer NJ,34
162326953,2,3,4,2,1,2,,,4,,,,4,,4,3,4,5,,5,4,,5,6,6,,5,6,,5,,,,3,,,3,,3,9,55,NV,89074,Clark NV,32
162329073,2,5,1,6,2,4,5,,6,,6,,6,3,3,3,,4,,,,,,,,,1,,6,5,,6,,1,1,2,,1,5,8,56,FL,34609,Hernando FL,12
162333111,1,6,1,3,3,2,,6,4,,5,4,,5,4,,4,,,,5,,,,5,6,5,6,,6,,,,3,,3,5,,1,5,61,PA,17322,York PA,42
162337793,1,4,1,5,3,5,4,6,,,6,1,6,,,,4,,2,,,6,,5,6,6,,6,,,2,6,,2,,,6,,1,7,67,NE,68949,Phelps NE,31
162338243,2,3,1,6,2,,6,6,6,6,6,2,6,6,6,4,4,6,6,6,4,4,6,6,5,6,3,6,6,5,4,4,2,2,1,4,4,2,5,4,56,IN,47403,Monroe IN,18
162342043,1,5,1,2,1,3,,6,,4,4,,,5,5,4,5,,,,4,,,6,5,,,,,6,,4,3,,3,2,5,,6,9,53,MD,20781,Prince Georges MD,24
162342055,1,5,1,1,1,1,4,5,3,3,4,1,4,4,2,3,5,6,5,2,6,1,4,5,5,5,2,5,2,3,1,2,4,2,2,2,4,4,6,,63,CA,95678,Placer CA,6
162342476,1,4,3,,1,2,,,,,,,,,,,,,,,,,,6,6,6,,,,,,,,,,,,,4,,58,CA,91331,Los Angeles CA,6
162346217,2,5,3,7,2,4,,6,5,6,,,6,,4,,,,,5,6,6,6,,6,,,,6,,,6,,6,3,,5,6,2,3,69,FL,32773,Seminole FL,12
162347205,1,3,7,3,3,3,5,,,6,5,1,,5,,2,,,3,,,6,,,6,6,,,,5,,,,3,2,5,6,6,1,3,60,OR,97116,Washington OR,41
162347770,1,3,1,5,,3,,5,2,,2,,5,6,,2,,,,,4,2,,4,6,5,,6,,,,,,5,1,4,,1,6,9,58,NH,3217,Grafton NH,33
162348219,2,2,1,7,2,5,,2,,1,,,3,4,3,4,,,4,,6,,4,4,,6,6,6,,,5,6,,6,,,,,2,,70,CO,81415,Delta CO,8
162348413,2,2,1,6,2,4,5,5,6,4,,,,5,,,5,5,5,,,,,,,,6,,,,4,6,6,5,3,,,6,6,,67,TX,77515,Brazoria TX,48
162350492,2,6,1,3,3,2,6,6,,5,,,6,5,5,3,,,5,,,,6,,3,6,,,6,6,6,,,,,3,5,,5,4,59,NC,28202,Mecklenburg NC,37
162350579,1,3,1,3,,,,4,4,,4,,4,,4,4,,4,4,,,,,6,,6,,,6,,,1,1,,1,2,6,,6,11,43,MA,1752,Middlesex MA,25
162352142,1,5,1,7,2,5,2,2,,2,2,,,2,,,2,,,2,,2,,,6,6,,,2,,5,5,5,,1,,,6,1,9,74,OH,43130,Fairfield OH,39
162352203,1,4,1,7,2,4,,,6,,4,2,,,3,4,3,5,5,,,,,6,6,,,6,6,,,5,,,,3,6,5,6,8,76,CA,92555,Riverside CA,6
162352852,2,6,1,1,1,2,,,1,1,,,6,6,,,4,6,5,,,6,6,,1,6,6,,,6,,,3,,,,6,6,1,,49,NY,14620,Monroe NY,36
162353046,2,3,1,1,1,5,5,5,4,,4,1,1,,,1,,,1,,,,,6,,,6,,,4,6,6,,5,1,4,,,6,4,48,OH,44144,Cuyahoga OH,39
162357283,1,6,1,4,3,3,,4,,,,2,4,,4,3,,,5,4,,3,5,,4,5,,,6,,,,,4,5,5,,4,5,8,50,NV,89119,Clark NV,32
162357288,1,3,1,4,3,3,,,5,,6,2,,5,4,,5,5,5,,,,6,5,5,,5,6,6,,,,,,4,3,,,3,6,57,NJ,8846,Middlesex NJ,34
162357564,2,5,1,5,3,5,,4,,,3,,4,3,,,,3,3,3,3,,4,,,4,,6,,,3,4,6,,1,,,6,4,4,53,TN,37664,Sullivan TN,47
162358092,2,6,1,1,1,2,5,5,,3,,,5,,4,,4,,5,3,,,6,6,,,4,4,,5,,,,6,5,,3,,6,,65,PA,19041,Montgomery PA,42
162358121,2,6,1,1,1,2,5,4,2,,2,,5,,,,,,,4,6,1,,,6,,3,,6,,,2,3,1,3,,,2,5,2,68,CO,80033,Jefferson CO,8
162359947,1,5,1,5,3,3,5,4,6,6,6,4,4,4,5,6,6,6,5,6,6,5,5,6,6,6,4,6,6,6,4,5,6,1,1,2,1,5,2,,73,NC,27615,Wake NC,37
162360575,2,4,1,7,2,4,1,,,,1,,1,,1,,,1,1,,1,1,,1,6,6,,,,6,1,6,,1,,,,4,6,7,36,GA,31032,Jones GA,13
162362396,1,3,1,7,2,5,,,,3,,1,2,5,,2,4,4,,,,2,6,6,,6,,6,,,6,6,,6,,,6,,4,9,67,TN,38016,Shelby TN,47
162362722,2,4,1,3,3,3,2,5,5,6,5,1,5,4,3,1,1,1,5,1,1,1,5,6,4,6,3,5,6,5,2,1,1,1,6,4,6,3,6,2,54,IA,51566,Montgomery IA,19
162362742,2,5,1,7,2,5,4,4,6,6,6,4,5,5,6,4,6,6,6,4,6,5,5,5,6,6,6,6,5,4,4,4,5,6,1,1,4,5,2,,69,IL,62563,Sangamon IL,17
162363015,2,3,1,1,1,2,6,6,,6,,,6,6,,,,,6,,6,6,6,6,,,6,6,,,,,4,,5,2,6,,2,9,61,FL,32304,Leon FL,12
162365215,2,3,1,5,,5,5,5,,,,,5,5,,6,6,,,6,,6,,,6,,6,6,6,6,1,,,6,,,,6,4,8,70,IN,47960,White IN,18
162365440,2,3,1,7,2,5,6,,6,6,,1,6,6,,6,,,,6,,,6,,6,6,,,6,6,2,6,,,,,,6,,7,41,TN,37660,Sullivan TN,47
162368262,2,3,1,3,3,3,,5,4,4,3,2,,,,2,,4,,,3,,,6,6,6,,5,5,5,,1,,,1,,,,6,2,57,IL,62321,Hancock IL,17
162368623,2,6,5,3,,1,,,1,3,,1,,5,1,,,6,,2,,1,6,,1,,3,5,6,,1,1,,5,,,,,2,6,58,WA,98229,Whatcom WA,53
162369066,2,5,1,1,1,2,,,,,,1,6,6,5,3,5,,,6,6,,5,5,4,,5,6,,5,6,,,,1,,,,4,11,53,TX,78253,Bexar TX,48
162369201,2,2,3,,,,,4,,4,,,,4,4,4,5,4,,,4,,,6,2,,6,,5,,4,,4,6,,,,4,4,4,22,CA,95128,Santa Clara CA,6
162371799,1,4,1,4,3,3,3,3,,4,,2,,,4,3,,,,4,,3,5,,6,6,6,,6,,,,,6,3,,,3,1,9,81,TX,77356,Montgomery TX,48
162372365,2,5,1,1,1,2,,4,2,3,,,5,5,4,2,,,,3,,,6,,6,,,6,6,4,2,5,,,,,3,,6,9,37,WA,98229,Whatcom WA,53
162373591,1,5,7,4,3,4,,,1,5,,1,5,,2,2,,4,5,,,,,,4,5,,5,,3,5,5,5,,,,1,,2,5,59,SC,29061,Richland SC,45
162374705,2,3,1,1,1,3,4,6,5,5,,4,,,5,,,,5,,5,,,,6,,6,6,6,,6,,,,,3,4,6,4,3,65,ID,83352,Lincoln ID,16
162374991,1,3,1,1,1,1,6,6,,,3,1,,,,2,,6,6,,,1,6,,5,5,2,6,,,,,,6,6,,3,,6,2,67,KY,40515,Fayette KY,21
162375289,2,3,1,1,1,2,5,5,,5,,2,5,,,,5,,5,4,,,,,5,,4,1,6,4,,,,,6,2,5,,6,,73,NY,13212,Onondaga NY,36
162376658,1,2,1,7,2,5,2,2,3,,5,,3,,4,4,,,5,,,,,5,6,6,,,,,5,6,,,1,,6,6,2,,79,WA,98370,Kitsap WA,53
162377030,1,4,1,1,1,3,5,,5,,,2,4,,,4,,4,,3,4,,4,6,6,,5,,,,,,,,,,,,4,4,59,FL,33315,Broward FL,12
162377094,1,5,1,5,3,5,4,4,4,4,6,,,,6,,4,,,,6,,4,4,,,5,6,,4,,,4,,,,6,6,1,7,70,GA,30062,Cobb GA,13
162377961,2,6,1,4,3,4,,4,,4,,,,3,,2,,5,5,,6,6,4,4,3,,4,,,,3,,2,,,,4,6,2,3,59,MN,55106,Ramsey MN,27
162378012,2,2,1,7,2,4,6,6,,6,6,,,,,4,4,,,5,5,,,6,,6,4,6,,6,,2,3,,,2,,,5,11,59,FL,33543,Pasco FL,12
162378510,2,6,7,4,3,3,,,,5,,,6,4,4,2,,5,,,4,6,5,4,,,,6,,5,,,2,5,1,,1,,3,,64,OH,45406,Montgomery OH,39
162379453,2,5,2,1,1,2,,5,,6,6,4,,4,,,5,,,4,,4,6,5,4,6,5,6,,,4,,,6,,,,,5,6,65,NY,10453,Bronx NY,36
162381564,1,3,1,1,1,1,4,5,3,4,4,2,4,6,6,5,5,6,6,4,6,1,6,6,5,4,5,5,6,6,5,2,4,2,2,1,5,5,4,1,66,MO,63109,St. Louis city MO,29
162382606,2,5,1,6,2,5,5,4,,,,,5,4,2,,,5,6,,,6,6,,,6,6,6,,,,,6,,2,2,6,,1,3,69,WV,26003,Ohio WV,54
162384064,1,2,1,7,2,4,,,5,5,,,5,5,3,,3,,3,,3,,2,,,6,,,,6,6,,,,,,,,2,6,76,MI,49735,Otsego MI,26
162384078,2,5,1,2,1,3,4,,4,4,5,,,,5,,,5,,,5,6,,,,6,,6,,6,,,6,5,4,5,5,,2,4,78,KS,66111,Wyandotte KS,20
162384639,2,2,1,3,3,2,,5,,3,5,1,5,,5,,,5,,,,3,,,,4,3,6,,4,,2,,4,3,,5,,5,9,33,WV,25403,Berkeley WV,54
162385398,1,5,1,3,3,3,,,4,,,2,6,6,6,4,,6,,6,,,6,6,6,6,,6,6,,,,,,3,,,4,5,3,54,LA,70737,Ascension Parish LA,22
162385849,1,5,1,1,1,1,,3,,3,,3,3,,,3,3,3,3,,,,,6,6,,,6,6,,,1,6,,,6,1,,6,9,62,TX,75204,Dallas TX,48
162385958,1,3,1,,3,3,2,,2,,5,1,3,,,2,,5,,2,,,4,,,,,,4,,4,2,,1,1,3,,5,,,61,CA,93307,Kern CA,6
162386374,1,4,1,4,3,4,4,,5,,,2,,,,5,4,,5,1,5,,5,5,,,,5,6,6,,1,,2,,2,,,6,7,67,GA,30107,Cherokee GA,13
162386948,2,3,1,1,1,2,6,5,4,4,5,1,5,5,5,2,4,6,6,5,5,1,6,6,6,5,4,6,6,5,6,1,1,5,1,2,4,1,5,5,70,NY,11021,Nassau NY,36
162388496,1,6,1,1,1,2,3,,,2,,,,,1,2,1,,5,3,5,,5,5,6,4,,5,4,,,,,,3,,4,,6,11,69,OR,97219,Multnomah OR,41
162390584,1,4,1,4,3,4,5,4,4,,6,1,6,6,6,5,6,6,6,5,6,1,5,5,4,6,6,6,6,6,4,5,3,3,2,3,5,4,6,4,67,MO,64118,Clay MO,29
162390864,1,5,1,7,2,5,,5,,,4,4,3,,,,,,5,5,6,1,4,4,5,,5,,,,4,4,,2,,,2,,6,4,59,MD,21117,Baltimore MD,24
162391115,1,2,1,5,3,4,3,,,,4,,,,5,3,,,4,5,3,5,5,4,,5,,,5,,,5,4,,1,3,,,3,,68,CT,6492,New Haven CT,9
162394905,1,2,1,4,3,3,,,5,,4,,,5,1,1,,5,1,2,,,,1,6,5,4,,,,,4,4,,1,3,,,3,7,58,IL,60025,Cook IL,17
162395053,1,4,1,7,2,5,5,,,,5,,,6,,5,4,5,6,,5,,,,,4,,,,6,4,,3,1,1,1,,3,2,9,73,GA,30546,Towns GA,13
162395366,1,5,1,5,3,4,,5,5,,,1,5,,5,5,,5,,,,5,,,6,,,,,5,5,6,6,,2,4,6,,3,11,69,MD,21113,Anne Arundel MD,24
162399345,1,5,1,4,3,2,4,4,,2,4,2,5,,,4,5,,,,,,4,,,4,,6,5,,,,5,,5,4,,4,6,14,68,CO,80207,Denver CO,8
162399788,1,3,1,6,2,3,3,3,3,3,3,3,3,3,3,3,3,3,3,3,3,3,6,6,6,6,6,6,6,6,6,6,6,1,3,6,6,6,5,,69,NY,11776,Suffolk NY,36
162399873,1,3,1,7,2,5,1,1,1,,,,1,1,1,,1,,,1,,,6,,,6,,6,,6,6,,,,,4,6,6,2,3,57,CA,95122,Santa Clara CA,6
162400410,2,4,1,7,2,5,,,,6,6,,6,6,6,,5,6,,,,6,6,,6,6,5,6,,,6,,,,,4,5,,3,3,52,LA,70560,Iberia Parish LA,22
162402625,1,2,6,5,3,3,3,,,,,3,,5,6,,,6,6,,5,4,4,,,,,6,2,4,4,,,4,3,3,,,5,4,50,MI,48125,Wayne MI,26
162404667,2,4,1,7,2,5,6,,,,6,1,,,,,,6,6,3,4,6,6,,,6,6,,1,,6,,,3,,2,5,,1,5,34,AL,36695,Mobile AL,1
162405961,1,5,1,5,3,3,,,,6,6,,,,6,,6,4,6,3,,5,4,6,6,,,,1,6,,,,2,1,5,,,3,10,39,NE,68629,Colfax NE,31
162409007,2,2,1,7,2,4,,3,5,,,,6,,,5,,5,4,5,6,,4,,,,5,,4,,3,,6,3,1,,,6,4,11,44,TX,78247,Bexar TX,48
162409408,2,2,1,2,1,3,6,,,6,,,6,,6,,,6,6,,6,6,6,6,6,,,,,,6,,6,,,5,6,6,2,,62,OH,44212,Medina OH,39
162410496,2,4,1,1,1,1,5,,5,,4,2,,6,5,,4,,,5,,,6,,6,,,,,,5,5,,6,4,4,5,,2,3,72,CO,80501,Boulder CO,8
162413198,2,3,1,7,2,5,3,3,1,1,1,1,1,1,1,1,3,3,3,1,3,6,5,6,5,6,6,5,4,5,1,6,5,6,1,3,5,6,2,2,62,LA,71403,Vernon Parish LA,22
162414867,2,2,2,1,1,2,,3,,,3,,,,,3,3,,,,,,,6,,4,4,,4,,5,,5,5,,,,5,2,2,59,NY,10456,Bronx NY,36
162418635,1,2,2,4,3,3,5,,,4,,,6,,5,,4,4,,4,5,,,,,5,3,,3,3,,5,3,2,,2,,,6,4,39,IL,60651,Cook IL,17
162419187,1,2,1,2,1,3,5,5,,,4,,,,5,4,,5,5,,,3,,6,,,5,,6,6,,,3,2,,4,5,,5,,69,MO,63026,St. Louis MO,29
162419324,2,1,1,7,2,5,5,5,6,5,5,,,,,,6,6,6,6,6,5,6,6,6,6,6,6,6,6,6,6,6,6,6,6,6,6,,,60,WI,53066,Waukesha WI,55
162420892,1,5,1,5,,5,3,,,6,,,5,6,5,,,6,,5,6,,2,,5,,,,6,,,,,1,1,3,1,5,2,8,54,TX,75630,Marion TX,48
162422750,2,6,3,5,3,4,,5,6,6,5,,,,,,6,,6,,3,4,,,,6,3,,,5,6,6,1,,1,,,1,4,8,45,VT,5450,Franklin VT,50
162425572,2,3,1,7,2,5,,4,,6,,2,6,,,,6,6,5,,,6,6,4,,6,6,,6,,,,6,3,1,,,,1,2,52,OK,74003,Washington OK,40
162426675,2,2,1,,2,5,,4,,4,,,,5,,4,,4,5,4,4,,,5,,6,,6,6,5,,6,,6,,,5,,4,6,72,OR,97217,Multnomah OR,41
162429098,2,3,1,1,1,2,5,6,4,4,5,1,6,6,4,4,2,5,6,3,4,6,6,6,5,6,4,6,6,6,1,3,2,6,3,3,5,5,2,7,55,OH,45247,Hamilton OH,39
162430014,1,5,1,7,2,4,,5,,5,,5,,6,,4,,,5,4,,5,,,6,,,6,,6,,6,6,,3,4,6,,5,4,63,NC,27513,Wake NC,37
162430542,1,5,2,1,1,2,,,5,,,,5,,5,2,5,5,,3,,5,,,,,6,6,4,,,6,4,,1,2,,5,2,10,47,TN,38128,Shelby TN,47
162430599,1,2,1,1,1,3,6,5,,6,6,,,5,,,,,6,6,,6,6,6,6,,,6,,,,3,,,1,,5,5,2,3,50,MO,63104,St. Louis city MO,29
162432279,1,5,1,5,,5,5,6,,,,,6,,6,5,5,,5,,6,,,,5,,6,,5,,,6,6,,1,,5,6,1,5,43,NM,87109,Bernalillo NM,35
162433137,2,5,1,1,1,1,3,3,3,4,1,3,5,5,5,1,6,6,6,5,6,1,4,6,4,6,4,6,6,6,2,3,1,1,1,3,4,1,4,6,24,NY,10458,Bronx NY,36
162434845,2,3,1,6,2,4,,,2,,5,1,,,2,2,,,3,2,3,,,5,6,,,6,,5,,5,,,3,4,6,,4,3,30,FL,34219,Manatee FL,12
162437629,1,3,3,4,3,3,4,4,4,,5,,,5,,,4,5,5,,,,6,,4,4,3,,,,4,,,6,3,,,2,2,8,22,TX,78727,Travis TX,48
162437861,2,5,1,1,1,2,5,5,5,,4,2,6,6,3,,,,,,,,,6,4,,6,,,3,6,2,,,,3,,3,5,4,40,OK,74105,Tulsa OK,40
162438047,2,2,1,2,1,4,4,5,5,,6,,5,,,4,,,5,,,6,,6,,,,,5,6,5,,4,,3,4,5,,1,4,80,WV,25064,Kanawha WV,54
162438184,2,3,1,5,3,4,,,4,4,,4,,,4,5,5,,,4,,3,,4,,4,,6,6,,4,,,5,1,,3,,6,5,53,NH,3851,Strafford NH,33
162438468,2,3,1,1,1,3,4,4,,,,,,4,4,4,,4,4,,4,,3,3,3,,,3,,3,,3,,,3,,,3,4,2,38,NY,11205,Kings NY,36
162440203,1,3,1,7,2,5,5,,6,,,,6,6,6,5,6,6,,,,,,,,6,6,6,6,5,3,,,,1,1,,,2,4,70,SC,29511,Horry SC,45
162441679,2,6,2,1,1,,4,,,,6,1,4,,,1,,,,2,6,5,6,,5,,3,,,5,,,3,5,,,3,5,4,7,36,MA,2122,Suffolk MA,25
162441933,1,3,1,4,3,4,3,,4,3,,1,,,,,3,4,6,5,,,5,6,5,,,,,,6,5,,5,2,1,,,5,4,72,TN,37769,Anderson TN,47
162442083,2,2,1,1,1,,,,6,,6,1,,,6,6,6,6,,6,,,,,6,,,6,6,6,1,6,,6,,,6,,5,5,52,WV,26362,Ritchie WV,54
162442099,2,2,1,7,2,5,4,,4,4,,,,,4,,,,,,,,,,6,5,,5,1,,4,,5,2,,,6,,2,,64,OR,97017,Clackamas OR,41
162445053,1,3,1,5,3,3,,4,5,,5,1,,5,5,,,6,,,,1,,,,6,2,6,,6,,,1,1,1,,,4,6,5,56,MI,49093,St. Joseph MI,26
162445192,1,3,2,1,1,1,5,,,6,,2,4,,,,6,6,,3,,6,6,,5,6,,,6,5,2,5,,5,,,,,5,6,59,WA,98409,Pierce WA,53
162445301,2,2,1,,2,4,,,5,5,,,5,5,,,5,5,,5,,5,6,,,,6,6,,,,6,6,,4,6,,6,2,2,65,GA,30735,Gordon GA,13
162445329,2,3,1,4,3,4,1,2,,,,,,,5,,4,5,5,,4,5,,6,6,5,,5,,5,,1,3,,,,,5,5,7,69,AR,72730,Washington AR,5
162445347,1,4,5,5,3,3,,5,,4,6,,,5,,5,6,,,4,,5,5,,5,5,6,,,,1,,6,,1,,,5,2,2,62,ME,4280,Androscoggin ME,23
162445426,2,5,1,1,1,2,,4,,,4,,,,4,4,4,5,,5,5,,6,,6,6,,,,,5,,,3,3,5,5,,3,10,62,MA,1721,Middlesex MA,25
162445478,1,2,1,2,1,5,5,,5,,,4,,,,2,,,1,5,6,4,4,,,4,6,,,,,5,,1,1,1,,1,4,8,59,RI,2861,Providence RI,44
162447730,2,4,1,5,3,3,5,,,,5,,5,5,,3,5,,,5,,5,5,5,,,,,6,6,4,2,,,,3,,4,2,3,37,NY,13732,Tioga NY,36
162448543,1,5,4,2,1,3,,,5,6,,,5,5,,5,6,,6,,,5,5,5,4,,,,,,,4,1,,1,,1,1,1,6,27,WA,98011,King WA,53
162448857,1,6,1,5,3,4,,,,2,,2,5,4,4,2,4,,,3,,,6,,,,5,6,5,3,,,,,2,1,,6,2,9,63,NY,10708,Westchester NY,36
162448870,1,5,1,5,3,4,2,2,3,4,5,2,4,5,4,3,5,5,4,4,5,4,5,6,5,6,5,6,4,5,5,6,6,3,2,4,4,6,3,7,60,OR,97128,Yamhill OR,41
162451764,1,5,5,2,1,3,4,,4,4,,1,,,1,,,1,,1,1,,6,6,6,6,,,,,,6,6,6,,6,,,2,7,55,OK,73008,Oklahoma OK,40
162451843,1,6,1,1,1,2,,,4,,4,,4,3,5,2,,,,2,3,,,5,,5,,6,6,4,,,4,3,,2,,,3,7,61,MA,1603,Worcester MA,25
162451927,2,4,1,1,1,2,4,5,4,,,2,4,5,5,3,,,,,,,,,5,6,,,6,6,,,,,3,2,5,6,2,3,85,SD,57533,Gregory SD,46
162455457,2,3,2,1,1,3,,5,4,,5,,,,,4,5,5,5,,5,,6,6,4,,,,,5,,,6,,1,5,5,,4,4,66,MD,20603,Charles MD,24
162455469,1,3,1,4,3,3,,,4,4,3,,3,,,5,4,5,,4,,,3,,4,6,,,5,6,,,,2,1,4,,,5,6,63,GA,30906,Richmond GA,13
162455544,2,3,1,4,,,,3,3,3,,3,3,,3,,3,,,3,,,4,,,,4,,4,4,,3,,,4,4,4,,5,2,35,KY,40219,Jefferson KY,21
162455853,2,3,1,5,,4,,,6,,,,5,,3,3,,,,,,,5,,,6,3,6,6,,,6,5,,,3,,,5,3,77,ME,4976,Somerset ME,23
162458574,1,6,1,1,1,3,5,,4,,5,1,5,,,,5,,,,5,6,,,5,5,6,,,5,,,5,,,4,,5,2,5,70,WV,25186,Fayette WV,54
162458590,2,2,1,3,3,3,,6,6,6,,,6,6,,,6,6,,,6,,,,,6,,6,,5,3,3,,6,1,3,,,5,5,48,KS,66604,Shawnee KS,20
162459039,1,5,1,6,2,4,4,5,2,4,5,,,,,3,,,4,,4,,,,,,,,6,6,2,5,1,5,,5,,6,6,3,47,SC,29607,Greenville SC,45
162461066,2,4,1,4,3,5,2,,,,,1,3,,,3,,,,,,,1,,,3,,3,3,4,,1,,,,,6,1,6,,64,ID,83864,Bonner ID,16
162461960,1,4,1,4,3,3,3,3,,,3,,3,,,3,,3,3,,,3,3,,5,5,5,,,,,,,,,,,,4,8,49,MA,2723,Bristol MA,25
162462051,1,6,1,7,2,5,,3,4,,5,,5,4,,4,,,,,5,5,3,1,,,,,,,4,6,5,1,,4,6,,3,10,64,GA,30126,Cobb GA,13
162464159,1,5,2,1,1,4,5,5,,,5,,,,5,,,,5,5,5,5,6,,,,6,6,,6,,,6,2,4,,,4,5,5,64,CA,92020,San Diego CA,6
162464691,1,1,1,,1,4,6,,6,,6,1,,6,,,6,,2,4,,,5,,,6,,6,6,,6,5,,,4,,,6,5,7,45,VA,24184,Franklin VA,51
162465087,2,2,1,2,1,2,,5,5,5,5,2,,,,,,,5,,5,3,5,4,3,6,,6,,,,4,,,,4,5,,5,2,34,MA,1247,Berkshire MA,25
162465238,1,6,1,5,3,5,4,4,,4,,,,,,4,,,6,5,6,6,,,5,,6,,,,3,,6,5,,3,3,6,2,13,45,WI,53103,Waukesha WI,55
162465308,1,5,1,1,1,3,5,5,,,5,,,5,,,,,,,,,5,,5,6,6,,2,5,,,2,,,,3,,4,8,56,NJ,7045,Morris NJ,34
162465347,1,6,1,4,3,3,,2,,2,5,2,3,4,,,4,,,2,,,6,,6,6,,,,6,5,,,6,1,,3,,2,11,77,WA,98258,Snohomish WA,53
162470515,1,5,1,5,3,4,,4,5,,,,,6,,6,2,,6,,6,5,,6,,,2,,,5,5,,4,1,,,6,4,4,10,52,FL,33063,Broward FL,12
162471185,2,2,1,6,2,,4,4,4,,4,,,4,4,,4,,4,,,,4,,4,,,4,,4,,4,4,4,4,,,,2,1,46,PA,17745,Clinton PA,42
162471594,2,5,6,1,1,1,4,,,,2,,6,,3,,1,6,,,,1,,,2,,1,6,6,,,4,1,2,,,4,,6,10,45,NC,27513,Wake NC,37
162473455,1,4,1,6,2,2,,6,,6,,,,,6,6,,1,,6,6,6,5,,,6,6,,,6,,6,4,,4,5,,,6,7,56,FL,33868,Polk FL,12
162474625,2,5,4,2,1,2,4,4,4,4,4,1,4,,,,4,,,,,,,,1,,,4,,,,3,3,3,3,3,3,,3,11,32,VA,22033,Fairfax VA,51
162474738,1,3,2,1,1,3,5,5,,,,6,,5,3,,,,5,3,,1,,,5,,5,6,,5,,6,,6,1,,,6,2,3,62,OH,45405,Montgomery OH,39
162479224,1,3,6,6,2,4,2,,,2,,1,,3,,2,2,,,,3,1,,2,,,5,,,,,6,,4,1,5,3,6,1,11,45,MI,48093,Macomb MI,26
162483196,2,2,1,1,1,4,4,5,,5,,2,,,5,,,,5,5,5,,,6,6,,6,6,,,,,,,2,3,6,6,3,3,75,CA,92708,Orange CA,6
162483631,1,5,1,1,1,2,3,2,5,4,4,1,5,5,5,3,5,5,5,5,3,3,5,6,3,4,3,4,2,3,3,2,2,2,2,3,3,3,2,11,48,CA,92833,Orange CA,6
162492309,1,5,6,4,3,3,1,5,1,1,1,1,3,3,2,1,2,4,6,1,1,1,4,5,2,1,1,4,4,5,3,4,1,1,1,1,1,1,6,1,38,FL,33445,Palm Beach FL,12
162497124,2,6,1,1,1,1,5,6,2,,,2,,,4,,6,,,3,,2,,,2,5,,,6,,4,1,1,,,4,4,,5,11,47,NC,27713,Durham NC,37
162499715,1,4,3,7,2,4,,,,,6,,5,4,5,,5,4,5,,,6,6,,,6,,,,,,6,6,5,,2,4,3,4,10,57,CA,92019,San Diego CA,6
162503346,1,3,1,7,2,5,,4,5,4,,,5,,2,,,5,5,5,,,,,,5,2,,6,,5,6,4,,,2,4,,5,3,43,CA,92101,San Diego CA,6
162505860,1,5,1,6,2,3,3,,4,,,,4,,5,4,,5,,4,5,,4,,5,5,,6,6,,,,4,5,,,,2,3,9,34,NC,27609,Wake NC,37
162508003,1,6,1,1,1,2,1,6,,3,,,,,3,,2,3,5,2,,,6,6,,6,4,,6,,,2,,4,,3,,,6,6,74,FL,34748,Lake FL,12
162510508,2,3,1,7,2,5,2,3,,4,,,,,,5,,3,1,,1,5,,2,6,6,,,5,,3,,,6,,4,,6,2,9,26,TX,78070,Comal TX,48
162511988,2,5,1,2,1,2,4,5,1,2,2,1,5,5,3,2,2,6,6,2,2,1,6,5,4,5,2,6,6,5,3,2,1,3,2,2,3,1,5,,58,OR,97754,Crook OR,41
162514866,2,2,1,4,,,4,4,,5,,,,4,4,,,5,,,4,4,4,,3,,5,,6,,4,6,,6,,2,,,5,2,36,TN,37620,Sullivan TN,47
162516216,2,3,1,7,2,3,3,,,,3,,,,3,3,3,,3,3,3,,,,,,3,3,3,3,,,,6,4,3,3,,6,4,32,AL,35083,Cullman AL,1
162520162,2,6,1,1,1,2,5,,,2,3,1,,,4,1,,6,,,3,,6,6,,4,,,6,,5,2,1,5,,,,,5,5,55,CO,80302,Boulder CO,8
162528637,2,5,1,5,3,4,3,3,1,,,,,2,4,3,,,,3,,2,,,4,6,,,6,4,,2,,4,1,,,3,5,12,65,RI,2888,Kent RI,44
162531726,1,2,1,2,1,2,,,5,5,,,,,,4,4,6,,5,5,2,,5,4,,,,,,5,,4,4,,4,4,4,6,8,50,NV,89031,Clark NV,32
162532657,2,3,1,7,2,4,4,,4,5,,3,4,,,,,5,5,,,6,4,,,,,,4,4,3,,3,5,5,3,,,2,4,39,LA,71291,Ouachita Parish LA,22
162534327,1,4,1,7,2,4,,5,5,4,6,3,,,,,4,,5,,6,,,,6,,,,,5,,,6,1,3,6,6,4,2,3,53,OK,73717,Woods OK,40
162535307,2,6,2,1,1,2,,,4,,,1,,5,5,1,,,5,5,5,,6,6,1,,,6,,6,,,,,4,2,6,,2,5,62,MI,48213,Wayne MI,26
162536552,2,5,1,1,1,2,4,4,5,,6,,,,,,,6,6,,5,4,,,6,,,,6,,2,4,3,,,2,4,4,3,,70,MA,2474,Middlesex MA,25
162536764,2,4,1,2,1,,5,5,5,5,5,5,4,5,5,5,5,6,5,6,6,3,4,5,5,6,4,6,5,6,3,5,4,3,3,3,5,4,5,6,57,MI,48060,St. Clair MI,26
162538115,1,4,1,4,3,4,,5,,5,5,,6,5,,,,5,,5,,6,6,,6,6,,,,6,,5,6,,1,,6,,2,6,60,WA,99141,Stevens WA,53
162540409,2,5,1,5,3,3,,,4,4,,,5,5,2,,3,6,,,4,,,,5,5,,,6,,,3,6,5,,5,,1,2,,52,SC,29732,York SC,45
162540489,2,2,1,7,2,5,,,,5,5,2,,,4,,2,3,,3,,5,,6,6,,,6,1,5,,6,5,6,,,,,2,9,53,MI,48313,Macomb MI,26
162540604,1,6,1,5,3,4,,6,4,,,,,6,5,1,2,,6,,,6,6,,3,,4,6,,,,,4,,1,4,,,5,9,58,IL,60626,Cook IL,17
162543048,2,6,4,1,1,2,5,,5,5,,5,5,,,5,5,,5,,,,,,2,,6,6,,,2,,6,,,4,6,5,4,,47,FL,33170,Miami-Dade FL,12
162547837,2,2,1,4,3,3,3,,,,,,3,,5,4,4,,4,,4,3,,5,,5,4,,4,4,,,5,,,3,,4,6,4,68,ME,4901,Kennebec ME,23
162551207,2,3,1,7,2,5,,,6,,6,,,6,6,,4,6,,6,4,,6,,6,,,,6,5,4,,5,3,,,,6,4,4,57,MN,55033,Dakota MN,27
162551234,2,2,1,5,3,3,4,4,4,4,,,,,,,,,,,,,,5,6,6,6,6,,,5,,,,1,2,,,5,,65,MO,63935,Ripley MO,29
162551470,1,2,1,1,1,1,,4,6,,,5,4,,,5,,4,4,4,,,,6,,6,,,,,6,2,,,6,5,5,2,5,4,59,OH,43130,Fairfield OH,39
162554876,1,2,1,1,1,2,,,,3,6,1,,,,,4,6,6,,6,1,3,,,6,4,,5,3,,5,,1,1,,,,6,4,48,ID,83617,Gem ID,16
162554956,2,3,1,7,2,4,,1,,3,,1,,,,3,4,6,6,,,3,4,5,6,,,,4,,,5,,,1,2,5,,2,12,59,MD,20882,Montgomery MD,24
162555167,1,4,2,1,1,2,3,,3,,3,,3,,3,,,3,,3,3,,,,6,,6,,,,6,6,4,6,,,6,6,2,4,61,GA,30092,Gwinnett GA,13
162555170,2,2,1,6,2,4,5,5,,,5,3,5,,,,,,5,5,,6,,,,,6,,6,,4,1,,,5,3,5,5,2,5,57,NE,68128,Sarpy NE,31
162556527,1,2,1,3,3,1,2,5,,4,,,,4,,3,,4,4,,3,,,4,,3,,5,3,,,,,4,3,3,4,,6,6,63,KS,66516,Jackson KS,20
162557074,2,2,1,2,1,,,6,,5,,1,,,,2,3,,5,3,5,,,6,,,4,5,6,6,,4,,6,,,,4,5,5,49,GA,31050,Crawford GA,13
162558140,2,3,1,7,2,4,,4,,,,,5,,6,,,6,5,6,4,6,,,6,6,5,,4,,,,6,,1,2,,6,2,4,53,GA,31076,Taylor GA,13
162558219,1,5,1,1,1,1,,,3,3,5,,,5,,,3,5,4,,4,,5,5,4,,4,6,,,,,4,,,,4,5,6,4,28,NY,10803,Westchester NY,36
162558428,2,2,1,,,,,,3,3,3,3,3,,,3,3,,,,3,,3,,,3,,3,,3,3,3,,,3,,3,,6,4,36,AZ,85213,Maricopa AZ,4
162558628,2,2,1,7,2,4,4,4,,4,,,5,,,,,,,,,,6,,6,,,,6,6,6,6,,5,5,,,,5,5,67,NM,87109,Bernalillo NM,35
162570641,1,3,1,5,,4,,,,,6,,6,6,6,6,6,6,,,6,,6,,5,6,6,,,,6,6,6,,,4,,,1,8,49,MD,20602,Charles MD,24
162570878,1,3,1,5,3,4,5,4,4,5,5,1,5,5,5,2,3,5,5,4,4,2,6,6,5,6,2,6,5,5,1,4,1,1,1,2,2,5,6,4,62,NY,14075,Erie NY,36
162570903,1,4,1,3,3,2,5,5,2,,,,,3,,,5,5,4,,,1,4,,3,3,2,,6,,,2,1,,,,6,,6,10,57,VT,5661,Lamoille VT,50
162572384,2,3,1,1,1,1,,5,4,4,,2,,,,,5,6,4,,,1,,,,,3,5,4,5,5,,,,,2,4,3,5,5,28,UT,84119,Salt Lake UT,49
162572678,2,5,1,1,1,3,5,5,4,5,5,3,5,5,5,3,5,5,5,4,5,5,6,6,3,6,5,5,5,5,5,4,3,6,2,4,4,5,2,6,71,KS,66061,Johnson KS,20
162574357,2,4,2,2,1,4,,,,,,,,,,,,,,,,,,,,,,,,,,,,,,,,,3,,55,TX,77386,Montgomery TX,48
162574913,2,3,1,2,1,5,5,5,4,,,1,,4,5,,,,6,4,,,,4,5,,5,6,,,,4,5,,,,3,6,5,4,36,KY,40353,Montgomery KY,21
162575719,2,6,1,1,1,2,,,,5,,1,4,5,,,5,5,,4,5,,4,,,,,6,,5,3,1,,,2,2,3,,4,4,60,MA,1824,Middlesex MA,25
162575886,1,4,1,,2,,5,,,5,5,,5,5,5,,,,5,5,,,,,4,,4,5,,5,2,,,1,5,,,2,2,6,43,KS,67209,Sedgwick KS,20
162576042,1,6,1,2,1,3,4,5,4,,,,4,,,4,,4,,4,5,,4,,,6,3,,,5,,4,5,,,,4,5,1,9,57,MO,64870,Jasper MO,29
162576117,1,4,1,2,1,2,,5,5,5,5,,,5,,5,,,,5,,5,5,,,,5,,,,5,5,,6,6,,3,6,4,7,55,AZ,85013,Maricopa AZ,4
162578043,1,5,4,1,1,1,,5,,6,6,,6,6,6,,,,,6,6,,,6,,6,,,,,,6,6,6,,6,6,6,4,10,46,NJ,8859,Middlesex NJ,34
162579739,1,5,1,7,2,5,2,2,,,3,,,3,,3,3,,,3,,5,,2,,,,,2,5,5,6,,,1,5,,6,1,3,42,ID,83686,Canyon ID,16
162582858,1,5,1,7,2,4,,3,4,6,6,,4,,,4,,,6,,,4,4,,5,6,6,6,,,1,,,5,,4,,,5,8,63,VA,23237,Chesterfield VA,51
162586343,2,3,1,2,1,,,,5,,5,4,,6,,,,,,,,,6,6,6,,,,6,5,,5,,,4,5,,,2,10,46,KY,41051,Kenton KY,21
162586401,1,3,1,3,3,3,6,5,,,6,,,5,5,,5,,5,3,,,5,,,6,,6,,5,,,,,1,3,5,4,4,4,32,KY,40223,Jefferson KY,21
162586550,2,5,1,2,1,2,,5,,4,4,2,,,4,,,,6,4,,4,6,5,,4,,6,,6,,,3,,3,,,4,2,5,24,OR,97132,Yamhill OR,41
162592107,1,5,1,4,3,3,3,5,3,,,,4,4,,,,4,5,2,,,4,,2,,5,6,,,4,,,1,2,4,,,1,4,53,SC,29575,Horry SC,45
162593344,2,5,1,2,1,3,,5,,5,,1,,,2,3,4,6,,,5,,,6,4,6,5,,,,,2,,,1,3,5,,5,11,30,NE,68507,Lancaster NE,31
162596341,2,5,2,2,1,3,,6,5,5,5,4,5,,,5,,,6,,,,,,1,5,,5,4,,,3,4,1,,,,4,6,3,30,GA,30032,DeKalb GA,13
162596403,1,3,1,6,2,4,,,4,6,6,6,,5,6,3,,,,4,,,,,5,6,6,6,,,6,,4,,,3,6,,5,9,52,NH,3258,Merrimack NH,33
162599916,2,6,1,7,2,5,1,1,1,1,6,1,5,2,1,1,1,6,4,1,1,6,5,1,6,6,5,6,2,6,1,5,4,1,1,1,2,6,1,12,52,CA,91208,Los Angeles CA,6
162603077,2,4,1,1,1,4,,,,,5,2,4,,,,6,6,6,5,,5,,6,6,,6,6,,,,6,,6,3,,,4,5,5,46,NY,13206,Onondaga NY,36
162603258,2,2,1,4,,,4,,4,,,,,5,5,,,,5,4,5,6,5,5,5,,6,6,,,5,5,,,4,,,,1,7,57,KS,66048,Leavenworth KS,20
162603276,1,3,3,6,2,4,,5,,,5,4,,,,5,6,6,,6,6,,,6,,6,,6,6,6,,,,6,5,6,,,1,3,54,GA,30705,Murray GA,13
162606378,2,6,1,2,1,2,6,,,4,,,,5,,,,5,5,4,4,3,6,5,,,,6,,,,3,3,,2,2,,3,6,6,31,KS,67124,Pratt KS,20
162609789,2,5,1,2,1,3,3,3,,,3,3,,,3,,,3,3,,3,,4,4,5,,4,,4,5,,,,6,5,,,,4,9,35,MN,55448,Anoka MN,27
162609952,1,5,4,4,3,3,4,5,,,4,3,,,,,3,,,4,5,3,,,5,6,5,6,,,,,5,,4,5,6,,5,7,55,UT,84106,Salt Lake UT,49
162616777,2,5,1,1,1,2,5,6,3,,,1,5,,5,,2,,,,3,,,6,5,,,,6,,,1,,6,,1,1,2,3,4,75,ID,83704,Ada ID,16
162616999,2,3,1,2,1,2,,,3,3,4,1,,,,1,,,3,2,3,,,6,,,1,,5,4,,,1,,,3,6,5,2,1,30,ID,83401,Bonneville ID,16
162620261,1,2,1,3,3,3,4,6,,,5,1,,,5,4,4,,,,6,,4,5,,,,,6,6,,1,4,,3,,,5,5,2,23,NY,13440,Oneida NY,36
162625986,2,2,1,1,1,4,6,6,6,6,6,,,,,,6,6,6,6,6,2,6,6,5,6,5,6,6,6,5,4,6,6,1,1,4,5,6,3,46,RI,2903,Providence RI,44
162630002,2,3,1,6,2,4,4,4,,4,,4,3,,,3,4,,,,4,,,6,,6,6,,6,6,6,,,,6,6,,,4,3,53,AZ,85710,Pima AZ,4
162635083,1,3,1,5,3,4,,,3,,4,1,4,5,,3,5,,,4,,,,,6,6,2,6,2,,,6,5,5,,,,,3,7,57,NY,14437,Livingston NY,36
162635505,2,5,1,2,1,2,,6,,3,5,,,5,5,,3,,6,4,,,,5,,5,2,6,,,,4,,3,6,,6,,2,4,37,OH,44646,Stark OH,39
162636264,2,5,1,1,1,1,2,,,4,,1,,,5,4,4,5,6,,,,,6,,,,6,,,3,1,,2,6,4,4,,6,2,61,CA,90014,Los Angeles CA,6
162654026,1,5,1,1,1,2,5,,,,3,1,5,6,,,,,6,5,,4,6,,6,,,6,,6,,1,,6,,5,,2,3,9,57,MD,21093,Baltimore MD,24
162654904,1,2,1,6,2,3,5,6,4,,6,,,,1,,,5,5,,,4,6,6,,6,6,,6,,5,,,,,,6,5,2,7,77,NC,27103,Forsyth NC,37
162657162,2,6,4,2,1,3,,,,,,,4,4,,2,4,5,4,,4,2,5,,5,,,,3,,,5,,3,2,4,4,,4,10,47,CA,92646,Orange CA,6
162659103,1,5,1,7,2,5,3,4,5,4,3,1,4,5,3,3,3,5,4,3,5,4,4,6,6,6,3,5,5,6,4,2,5,3,1,3,6,5,5,9,59,TX,77381,Montgomery TX,48
162659809,1,6,1,7,2,4,4,4,4,,,2,4,,4,,,5,,,5,,5,,,4,,6,,,,3,4,6,2,,5,,1,9,72,GA,30078,Gwinnett GA,13
162664409,2,5,1,3,3,1,3,6,,,3,,,4,,2,,,,2,5,1,,6,,3,,,6,,,1,,4,3,1,1,,6,2,50,TN,37814,Hamblen TN,47
162667472,1,2,1,7,2,5,2,2,,,6,,4,,,5,,5,,,6,3,,5,6,6,,6,6,,,,6,3,,,6,,6,4,77,TX,77484,Waller TX,48
162672381,1,6,1,7,2,4,2,,,4,,,5,6,,,,5,6,4,,6,4,,4,,5,6,3,,,4,6,,,,2,,2,11,78,KY,40245,Jefferson KY,21
162673073,1,4,3,4,3,3,3,,,3,,3,3,,3,3,,3,,,,3,5,,5,6,,,,6,,6,,3,1,3,,,4,5,53,NC,27513,Wake NC,37
162684343,2,3,1,5,3,4,,,,5,5,2,,6,4,3,,5,,,5,,5,,6,,,6,,,6,,4,5,1,,4,,6,1,41,TN,37072,Davidson TN,47
162684945,1,5,4,7,2,5,6,,6,,6,,6,,,6,,,6,6,6,,6,,,5,,,6,,1,2,6,,,1,,4,2,3,72,IL,60639,Cook IL,17
162687203,1,5,1,1,1,2,5,5,3,4,3,1,5,5,4,2,2,5,5,3,5,1,6,5,3,3,1,4,6,4,2,4,2,6,4,4,6,1,6,11,50,VA,23508,Norfolk city VA,51
162693137,1,3,1,3,3,1,4,,3,,2,,,4,6,1,,,5,,5,,,6,,,1,,5,,,1,1,1,1,1,,,6,1,43,MN,55431,Hennepin MN,27
162698089,2,5,1,7,2,4,,,,5,,2,,5,,4,5,5,4,5,,,,,6,,6,,,,3,5,6,5,1,4,,,5,12,46,NC,27410,Guilford NC,37
162711712,2,2,1,2,1,,,5,,,,1,4,,6,,,,,,,,,6,,,4,6,,,,6,,,,,,,6,2,49,SD,57078,Yankton SD,46
162713349,2,5,1,6,2,4,,5,4,,,,,,4,4,4,6,,,6,5,,,,,5,,6,,2,2,,6,,3,2,6,5,4,47,PA,15146,Allegheny PA,42
162718759,1,6,2,4,3,3,1,,1,5,,,,,1,4,,,6,3,4,,3,1,1,6,,6,,1,1,,,,,1,,,1,12,55,NC,27455,Guilford NC,37
162718866,1,4,1,4,3,3,,6,1,,,1,,5,1,1,,6,,1,,,,6,,,1,,3,,1,1,1,,,1,6,,6,5,64,NC,28043,Rutherford NC,37
162720880,2,5,1,1,1,3,,4,4,6,6,,,5,,,4,,5,,,4,,6,6,,5,,,5,,,5,5,4,,5,,5,3,51,FL,32812,Orange FL,12
162721940,1,2,3,3,,2,,4,,,4,,4,4,,,3,3,3,,3,,4,,,4,,5,,,,4,4,,4,3,4,,5,8,39,LA,70003,Jefferson Parish LA,22
162727351,1,3,2,1,1,,,,1,1,,1,1,,1,,1,,,1,1,,6,,,6,6,6,,,6,,6,,6,,,6,2,8,57,NC,27803,Nash NC,37
162730846,2,3,1,3,3,3,,,4,4,,2,,,3,,,,5,4,4,3,,,6,,,6,,4,,5,,5,1,2,,5,5,8,51,NY,10533,Westchester NY,36
162731766,1,3,3,7,2,3,4,,,4,4,,4,4,,,4,4,4,,,,,4,4,,,4,,,,4,4,4,4,,,4,1,2,57,OK,74120,Tulsa OK,40
162731987,1,5,1,7,2,3,5,,,5,5,3,5,5,5,,,,,,5,,5,5,,,6,,,,,,6,4,1,3,5,,1,8,64,OK,73538,Comanche OK,40
162735036,2,3,1,1,1,,6,6,5,,,,,6,,,,6,6,6,6,,,6,,6,,5,,5,6,,,6,6,,6,,4,,57,IA,50648,Buchanan IA,19
162747088,1,5,3,4,3,3,,4,3,,,2,4,,3,,,,5,,5,3,4,,,,6,6,5,,3,,,,6,3,3,,5,11,51,MN,56461,Hubbard MN,27
162747195,2,2,1,4,3,3,,,3,6,,1,,6,6,,,,6,,6,4,,6,,5,,,6,,,1,,6,,6,6,4,5,,20,NY,14625,Monroe NY,36
162750104,2,2,1,4,3,3,6,,,6,6,,6,,5,3,,,,5,5,,,,,4,4,6,,4,4,3,,,,,3,6,2,1,56,IN,46750,Huntington IN,18
162752305,2,2,1,1,1,4,5,,,5,,,,5,5,3,4,,,5,5,,5,,,,4,6,,5,5,,,,3,3,,5,5,,62,OH,45133,Highland OH,39
162758920,1,6,1,7,2,5,1,,,1,6,,,6,,,6,6,6,1,,,,,6,5,5,6,,,2,,5,,,,1,6,2,10,46,CA,93035,Ventura CA,6
162758967,1,3,1,3,3,3,,6,,,3,,4,,4,2,3,,6,4,,,6,,5,4,2,,5,6,4,,2,,,,,,6,,22,CA,90038,Los Angeles CA,6
162765750,2,2,1,7,2,5,,,4,4,,,,,4,2,,5,,4,5,6,,6,,6,6,,5,4,4,,,,3,,,6,1,9,51,NJ,8062,Gloucester NJ,34
162766956,2,2,1,1,1,3,,5,5,,,2,5,6,,3,,,,5,,,,,6,6,6,6,6,,,,,,4,5,,5,5,6,50,WI,53406,Racine WI,55
162767689,1,2,1,7,2,5,,4,4,,4,,4,,4,4,4,4,,,,,4,4,,,,,,4,4,4,4,,4,,4,,6,2,50,PA,15120,Allegheny PA,42
162777554,1,5,1,5,3,4,3,,,5,,1,,,,5,6,5,,5,4,,,5,6,,,6,1,,4,,4,,,3,4,,3,9,58,MI,48451,Genesee MI,26
162790593,2,5,1,1,1,2,5,6,4,,,1,2,6,,,,,6,,,1,,,,,1,6,6,,2,1,1,,1,1,,,5,15,47,CA,92067,San Diego CA,6
162793883,1,3,1,1,1,1,3,,2,,4,,6,,,,3,5,,3,4,,6,,4,,,,4,,,1,,5,,2,2,4,6,4,62,IA,52247,Washington IA,19
162794028,2,5,1,4,3,3,,,4,,,5,5,,5,,5,5,5,,,2,,6,,,4,6,,,,1,4,,,2,5,4,6,11,60,FL,33950,Charlotte FL,12
162803463,1,3,1,7,2,4,4,5,,5,6,,,,,,4,,,4,4,4,,5,6,,,6,,,1,5,,6,1,,6,,1,6,69,FL,32533,Escambia FL,12
162807608,1,5,1,7,2,5,,5,4,,,2,,,2,,2,,4,,4,1,,5,,6,,6,5,6,,5,,2,1,,,,4,5,78,CO,80503,Boulder CO,8
162809063,2,3,1,4,3,4,,6,,6,6,,6,,,5,5,,6,5,,,6,5,,,6,6,6,6,,,6,,,3,,,4,8,67,UT,84302,Box Elder UT,49
162811210,1,3,1,3,3,3,,,5,,4,2,4,4,,2,,,5,,,3,5,,5,,5,6,,,,5,6,,4,,,4,6,8,66,NM,88011,Dona Ana NM,35
162811711,1,6,1,4,3,4,2,5,4,,,1,,5,2,3,4,,,,,,2,,,,4,,2,4,,5,,2,,,4,4,6,12,58,NJ,8096,Gloucester NJ,34
162815700,1,2,1,5,3,5,,,,6,6,1,,6,,,6,,1,,6,6,5,6,,6,,,,6,6,,,,6,6,,6,1,9,63,NC,27053,Surry NC,37
162815834,2,3,1,1,1,2,,4,4,,4,1,,4,4,,,5,,4,,,,5,,4,,1,,6,5,,,,3,3,5,,5,8,49,KY,41102,Boyd KY,21
162823519,1,3,6,7,2,4,,6,5,5,2,3,4,,,,,5,,,6,,,,,,,6,6,,3,5,6,2,,,5,3,5,,63,FL,34432,Marion FL,12
162823562,1,3,2,1,1,2,4,,,,4,,,4,4,5,5,5,,5,,,,,2,,6,6,,6,,2,,,6,6,,6,5,7,63,RI,2906,Providence RI,44
162831769,2,3,1,7,2,4,4,3,3,4,3,1,5,5,6,1,4,5,4,2,5,6,6,2,5,5,5,6,6,5,6,6,6,6,1,2,1,1,2,8,57,KS,66007,Leavenworth KS,20
162831870,2,6,1,5,3,4,1,,,2,5,2,,,,,,,,,,,,5,5,,2,6,,4,4,,,,,1,,4,3,,61,WY,82072,Albany WY,56
162831885,1,3,1,7,2,5,6,2,3,3,3,3,3,3,3,3,3,3,3,3,3,3,6,6,5,6,6,6,6,6,5,1,4,1,4,4,1,6,3,,27,PA,18042,Northampton PA,42
162836063,1,3,3,,3,2,1,2,2,2,1,,,,1,,,,,,2,1,,,,,,1,,,2,1,1,6,6,,5,5,5,5,44,KY,42262,Christian KY,21
162836576,1,2,2,1,1,1,3,,,4,,,3,,3,,,,4,,5,5,4,,4,,4,,3,,,5,4,,5,5,,,4,4,22,GA,30016,Newton GA,13
162840038,1,3,2,1,1,4,6,5,,4,6,,6,,4,3,,,,,5,,,5,,,,,,4,,6,5,5,4,6,6,,4,3,31,SC,29405,Charleston SC,45
162847287,1,4,1,7,2,4,,,,,5,,,5,3,3,4,6,4,,,5,,6,6,6,5,,,,,6,,,1,,6,6,2,6,56,OR,97396,Yamhill OR,41
162849155,1,2,1,1,1,2,,2,4,1,,,4,3,,,2,,,,5,6,,,6,,5,,5,,,6,6,2,,,5,6,2,1,70,MN,56303,Stearns MN,27
162853422,2,2,1,1,1,2,,4,5,,,5,,,,4,,6,,6,6,6,,6,5,6,6,,6,,,,,5,,,6,6,2,3,76,MO,63376,St. Charles MO,29
162856972,2,3,1,6,2,3,,5,,3,5,4,,5,5,2,,,5,,,,6,,6,,6,,,5,,6,,,,3,6,5,4,1,48,NC,27604,Wake NC,37
162858262,2,6,1,1,1,2,,,,,,,5,3,6,2,,6,4,,3,1,4,,,2,,,5,5,6,,1,2,,,,1,6,12,64,TX,78666,Hays TX,48
162858559,2,2,1,2,1,2,,,,,6,,4,5,,3,5,,6,,5,3,6,6,6,6,6,6,,,,,,3,,1,,,6,5,30,VA,23462,Virginia Beach city VA,51
162860681,1,3,1,5,3,5,,,,4,,3,4,5,2,,,2,,,4,5,,,6,5,4,,,5,,6,,1,1,,6,,2,5,61,TN,37082,Cheatham TN,47
162866744,2,5,1,6,2,4,,,6,,,,6,,,6,6,,6,5,5,6,,,6,,6,6,,6,2,,3,6,,,6,,5,10,69,ME,3908,York ME,23
162867158,1,6,1,,,,4,4,1,2,3,1,3,5,4,3,5,6,5,3,4,3,4,4,3,3,4,5,5,5,6,4,3,3,4,2,4,2,3,,78,IL,62037,Jersey IL,17
162871441,1,2,1,3,3,3,6,6,,,,,6,,6,5,,,,6,6,6,6,,5,6,,6,,,6,3,5,,,,,4,2,8,62,CT,6514,New Haven CT,9
162877731,2,2,1,,,,,,5,,,,6,,6,5,3,5,,,5,4,5,,5,,,6,,5,5,,5,,,4,5,,5,5,44,KS,66605,Shawnee KS,20
162879656,2,5,1,1,1,2,,6,,4,4,2,,,,,4,,6,,5,4,,,3,,5,,,5,,,5,3,3,2,3,,2,10,38,IN,46835,Allen IN,18
162890604,2,5,1,7,2,4,5,6,6,5,6,1,5,6,6,5,6,6,6,6,4,6,5,6,6,6,1,6,1,6,5,6,6,6,1,1,6,6,1,7,58,KS,66206,Johnson KS,20
162909363,2,2,1,4,,,4,4,4,,4,3,3,,,,3,,,,3,,5,5,,,,5,,,,4,,6,5,6,4,,5,4,58,WI,54220,Manitowoc WI,55
162934454,2,2,1,5,3,4,4,,,4,5,4,,4,5,,4,,4,,,,4,,,,5,5,4,5,,5,6,,,3,,,4,4,67,AL,36360,Dale AL,1
162940696,2,5,2,2,1,3,3,3,,3,3,,,3,,,3,,,3,3,,5,5,1,,5,6,,,4,,4,4,,,,,5,9,48,MI,48322,Oakland MI,26
162942592,1,5,1,5,3,5,,3,,6,,1,5,,,,,,,,,,,4,5,,5,5,4,,,,,6,,4,5,,2,,66,KS,66223,Johnson KS,20
162951535,2,5,1,7,2,4,1,1,,,5,,1,,,1,1,1,1,,,,4,,,,4,6,4,,,6,6,,,4,,6,1,10,42,OK,73055,Stephens OK,40
162957230,1,2,1,4,3,4,,,5,6,5,,,,5,5,,5,,5,,6,,,,6,6,6,5,,6,,,,4,3,,6,2,6,68,NY,13476,Oneida NY,36
162965965,1,5,1,5,3,5,,,2,,5,,4,4,,,,,,,,,,,,6,6,6,,,5,6,6,3,,,,6,1,3,65,NY,13021,Cayuga NY,36
162986532,1,5,1,7,2,5,,3,,,5,,,5,2,2,2,,,2,,5,6,3,6,6,3,,6,,,6,,,,,5,,,4,55,CO,80210,Denver CO,8
162986641,2,5,1,2,1,2,,,,,,3,,,3,3,3,,4,4,2,4,6,,,,6,5,6,,6,,,6,4,,,4,6,14,41,CA,91304,Los Angeles CA,6
162989321,1,6,1,1,1,1,4,5,,4,6,3,5,,,,5,,,,6,,,,,,6,,5,,3,5,4,,4,,3,1,5,4,63,CT,6066,Tolland CT,9
162991906,1,3,1,7,2,5,,6,,,,2,6,,6,5,,5,,,5,4,5,,,6,,6,6,5,,6,3,,,,,3,4,,71,WA,98840,Okanogan WA,53
162996500,2,2,1,5,3,3,1,4,6,4,6,1,1,3,5,5,5,5,5,5,3,6,4,5,6,6,4,6,5,6,5,2,5,3,1,3,6,6,5,2,73,TN,37015,Cheatham TN,47
162999013,1,2,1,2,1,3,,,2,,2,1,,,5,,,,,,,,,6,,6,,6,,,,6,6,2,,5,6,,4,5,64,KY,40830,Harlan KY,21
163000490,1,2,1,5,3,4,,,5,5,,,5,5,,,,,6,4,4,4,,,6,,,,4,5,,5,6,1,1,,,4,4,10,64,NJ,8865,Warren NJ,34
163003227,2,2,3,1,1,1,5,6,4,5,,,3,,3,,,,5,,,3,,,,6,3,6,6,5,1,,,2,1,,,,5,7,25,TX,76039,Tarrant TX,48
163008321,1,4,1,5,3,4,,,,,,,,4,3,4,4,2,5,,5,5,2,,6,6,6,,5,,,6,,,1,,2,,5,7,66,TX,76049,Hood TX,48
163010226,1,2,1,6,2,4,,,5,5,,2,5,,,3,1,2,,5,,,5,6,6,,,,6,5,,5,,3,,5,,,2,7,64,AL,36330,Coffee AL,1
163011708,2,5,2,2,1,1,,6,,1,,1,4,,,1,,5,5,,,1,,,,6,,6,6,,,,3,6,4,1,5,,2,3,21,LA,70816,East Baton Rouge Parish LA,22
163011781,1,3,1,5,3,4,5,,5,6,6,,,,,2,,6,,6,5,,,1,,6,6,6,,6,5,,,1,1,,,,5,3,78,OR,97401,Lane OR,41
163017349,2,6,1,6,2,4,,,,4,,1,4,,,,4,,6,4,5,1,4,5,,6,5,6,6,,,3,,,,,3,,3,6,40,AK,99501,Anchorage Borough AK,2
163024372,2,3,1,3,3,1,,,5,,,2,,4,4,,2,,4,2,,4,,,5,,,,6,6,5,,3,2,,,6,5,2,3,70,CA,95076,Santa Cruz CA,6
163024445,2,2,1,1,1,2,5,5,,,6,3,,,4,,,,,4,5,2,,,6,6,4,6,,5,3,,,5,,,,2,5,6,60,DE,19956,Sussex DE,10
163028590,1,5,1,1,1,3,,,,,6,1,6,6,,4,,6,6,,,5,6,,,,5,,,,4,5,5,4,,,4,4,1,6,72,KY,40207,Jefferson KY,21
163029951,1,2,1,,3,4,1,,6,4,,1,,5,,2,,5,,5,,,4,6,,,,,,6,,5,,5,1,,6,6,5,2,77,TX,76087,Parker TX,48
163030271,2,3,1,5,3,5,4,5,5,5,,,,,,,3,,5,,5,6,,6,,,5,,5,6,,5,,,1,1,,6,1,2,65,NC,27455,Guilford NC,37
163032360,2,6,2,1,1,3,,4,3,,,3,,5,3,,,5,3,4,,,4,,,,4,5,,,4,4,4,,4,3,,,6,5,39,DE,19709,New Castle DE,10
163036049,2,2,1,6,2,3,,,,4,4,,4,5,5,,4,6,,,5,,,,5,,4,6,,5,5,,,,4,4,,4,2,9,18,PA,17522,Lancaster PA,42
163038917,2,4,2,1,1,3,4,,5,2,4,,,,5,4,,,6,,5,,,,6,6,,6,6,,5,6,,,,6,5,,1,4,51,TX,75224,Dallas TX,48
163042629,2,3,1,4,3,4,,5,,5,,5,5,,,4,,5,,5,5,,6,,,5,5,,5,6,6,2,,,,,,5,2,6,60,AZ,85208,Maricopa AZ,4
163043951,1,3,1,7,2,3,4,,1,,,,3,4,2,,,,,3,3,1,,,1,,,,3,,4,2,1,3,3,,3,,1,5,19,GA,30076,Fulton GA,13
163043953,1,6,3,1,1,3,,,,6,,3,4,,,,,6,6,6,6,6,6,,,6,6,6,6,,6,,6,,,,1,,4,10,65,CA,95831,Sacramento CA,6
163044332,2,5,3,1,1,1,,4,,4,,,,4,,3,4,3,5,3,,,4,4,,,,,4,,2,3,,,,3,3,4,5,3,24,CA,93536,Los Angeles CA,6
163048339,1,2,1,4,3,3,,,,5,5,1,,,5,,,5,,5,5,4,,,,6,4,6,5,,,,5,5,,5,6,,6,7,49,NC,28704,Buncombe NC,37
163053488,1,4,1,5,3,4,5,6,6,6,6,5,6,6,6,6,5,5,6,6,6,6,6,6,6,6,6,6,5,6,4,3,6,1,1,2,3,4,4,6,57,OR,97415,Curry OR,41
163055287,1,3,1,1,1,2,4,,3,3,,,5,6,,1,,6,,4,,,,6,3,5,,,,6,,1,1,,,1,,1,6,5,61,MI,48187,Wayne MI,26
163057103,1,3,1,3,3,2,4,4,3,,4,,5,5,,3,,6,,,,,6,6,,5,3,,,,,,2,,,,2,3,5,5,37,MD,20886,Montgomery MD,24
163059225,2,5,1,2,1,2,,,3,,4,,3,4,3,3,,2,4,,,,,,5,6,5,6,,,5,3,,,,1,,1,5,7,43,SC,29801,Aiken SC,45
163062706,2,2,3,1,1,2,3,3,,,,,,3,,3,3,,3,,3,3,,,6,,,,6,6,3,,3,,,3,3,3,4,8,52,MI,48195,Wayne MI,26
163067496,1,4,1,6,2,5,4,3,,6,,2,5,,6,,,6,,,,1,6,4,4,,5,6,,6,,,4,,,,6,,6,5,47,FL,32904,Brevard FL,12
163068353,2,3,3,1,1,1,5,5,,,,,,,2,3,2,,6,,5,1,,6,,4,,,,6,,1,1,,3,,3,1,5,2,21,GA,30322,DeKalb GA,13
163068368,2,2,3,1,1,3,,,,,,1,,5,5,5,5,6,,4,6,,,,5,5,5,,,,2,,3,4,5,,6,,6,,61,FL,33141,Miami-Dade FL,12
163073948,1,5,1,6,2,4,3,3,3,3,3,3,,,,3,,3,,,,,,,3,3,,,,2,2,3,3,3,,,3,,6,1,58,NY,12180,Rensselaer NY,36
163074104,1,4,1,5,,5,1,,,6,6,,,,,6,6,6,,,5,6,3,1,,,,6,4,6,,,6,1,,,6,,3,6,54,ME,3901,York ME,23
163075554,2,4,1,3,3,5,5,5,,,,3,6,,5,,5,5,,,5,,6,6,,6,5,6,5,,,,,,,6,,6,1,3,34,MD,21562,Allegany MD,24
163077884,2,5,2,5,3,5,5,,,6,,,6,5,5,6,,6,6,,,,,,3,,,6,6,,5,6,6,1,,1,,,2,8,62,OK,73117,Oklahoma OK,40
163083153,1,4,1,2,1,3,5,,4,,5,1,5,,,5,,,5,,5,,6,6,,,5,6,6,,,,6,,,,5,5,3,2,64,WA,98106,King WA,53
163085895,1,4,1,2,1,3,,5,4,6,4,,,4,,3,4,5,,,,,6,,6,6,5,,6,5,,5,,,1,,,,6,11,56,WA,98271,Snohomish WA,53
163087130,2,2,1,1,1,3,,,1,2,,2,,,2,,,,,,,,6,,,,,,6,5,,1,3,,3,,3,5,2,,64,IL,60714,Cook IL,17
163088702,2,2,1,,,2,,5,,5,,1,,,5,,,6,6,4,6,,6,,,,,6,,,3,4,,1,6,1,1,,5,3,29,OH,44706,Stark OH,39
163095526,2,5,1,7,2,3,,,5,4,,1,5,6,,,5,6,,,,5,6,,6,6,,,6,,,,4,2,1,,,6,1,9,59,CA,93534,Los Angeles CA,6
163107859,2,4,1,3,,,,,,5,,2,,5,,4,4,5,,3,5,,,,,,5,,5,5,5,5,,,,3,4,4,3,2,48,IL,61275,Rock Island IL,17
163120863,1,5,1,7,2,5,3,,5,,2,3,,3,5,3,,,,,5,,4,,,,,5,,,5,,,6,3,4,5,4,5,1,79,OK,73160,Cleveland OK,40
163124931,1,4,1,7,2,5,4,,,,5,,6,6,6,,4,,5,,6,,5,6,6,,,6,,,5,6,,,,2,6,,6,9,73,FL,32534,Escambia FL,12
163133817,1,3,1,2,1,2,6,,4,,,,,5,4,3,,5,,,6,1,,,,,2,,,,3,1,,2,4,4,4,2,2,8,69,TX,78727,Travis TX,48
163136849,2,6,3,7,2,5,,5,,6,4,,,4,,2,1,,,1,3,,,,6,6,,,1,6,6,6,5,4,,,,,1,10,31,CO,80239,Denver CO,8
163138544,1,5,1,5,3,4,,5,,5,5,,4,5,,,4,,,,5,4,,,,6,,6,6,5,5,,4,3,2,,,,4,,69,MI,48750,Iosco MI,26
163144390,1,6,1,1,1,1,,5,,,3,3,,6,,,3,,5,3,,1,6,,6,,1,,,,1,,1,,,1,6,1,2,12,63,KY,40205,Jefferson KY,21
163153016,1,5,1,7,2,5,3,2,6,6,3,2,3,5,4,5,2,2,3,5,4,2,2,2,6,6,,,,,5,5,5,1,1,2,5,2,4,11,81,CA,92075,San Diego CA,6
163156590,2,3,1,,1,2,4,,,,4,4,5,,5,4,,5,,5,,,,,,,6,6,,5,3,5,,6,1,,,1,6,3,73,FL,33460,Palm Beach FL,12
163159238,1,6,1,7,2,5,,4,5,,6,,,6,4,2,5,,,5,,,,6,,6,5,6,6,,,5,,,,4,,1,6,6,59,NH,3301,Merrimack NH,33
163159251,1,5,1,1,1,2,,,3,3,3,,,,,3,6,6,6,,5,,,,5,6,6,6,6,,5,,2,,3,,,,6,11,78,CA,90065,Los Angeles CA,6
163163156,2,5,1,7,2,5,3,6,6,6,6,3,4,4,6,4,,,,,,6,4,2,6,6,,,,,5,5,6,6,1,5,6,6,2,,69,PA,17112,Dauphin PA,42
163167772,1,5,1,2,1,2,5,4,3,2,2,3,3,3,3,3,3,5,6,2,5,1,5,3,4,4,1,6,5,5,3,4,1,5,3,4,4,3,6,11,37,FL,32751,Orange FL,12
163177482,1,5,1,6,2,4,6,,5,,,1,,6,,4,5,,5,,,4,,,,,,6,6,6,6,6,6,,,6,,3,4,13,65,NY,11560,Nassau NY,36
163181087,2,2,1,,3,3,4,5,,5,,,4,6,,,,,6,,6,4,4,5,,6,,,6,6,,1,4,,,4,,,4,12,19,PA,15601,Westmoreland PA,42
163185648,2,2,3,6,2,4,1,,1,,,1,1,1,,,1,1,,1,,,,,6,,6,6,,4,,4,3,,,4,,3,5,10,42,CA,93065,Ventura CA,6
163185820,2,1,1,7,2,5,6,,,5,5,5,,5,2,,,,,3,,6,6,,,6,6,,6,,,6,,6,6,6,,,5,3,18,NJ,7712,Monmouth NJ,34
163186061,2,2,1,7,2,,3,,,4,3,3,3,,,,,3,,3,,3,5,,,5,,,,5,,5,,2,3,3,3,,6,8,53,MD,21234,Baltimore MD,24
163188052,2,5,3,2,1,4,,,,2,,1,,3,4,,,4,,3,4,5,4,,4,,,,5,,5,,5,2,5,3,,,3,9,30,OH,43240,Delaware OH,39
163189215,2,6,1,3,3,1,5,,,,5,,5,5,,,4,,4,4,4,,,6,,,2,,6,,5,,3,,,4,6,2,6,3,70,PA,15210,Allegheny PA,42
163189281,2,3,1,7,2,5,,,5,5,,,,5,,6,6,6,5,,,5,,,6,,6,,6,6,,5,,,1,4,,5,6,3,80,CA,91801,Los Angeles CA,6
163195436,2,3,4,2,1,2,5,,,,,,6,6,,4,2,3,,,4,2,5,6,,,,,,6,5,4,,,,5,4,4,6,2,24,CA,94606,Alameda CA,6
163196671,2,2,1,,3,3,,,4,5,,2,4,,4,5,,6,,,,2,6,,,5,,6,,6,3,,,6,1,,,2,3,7,19,CO,80909,El Paso CO,8
163204895,1,2,1,5,3,3,5,,3,,,,,,5,3,5,5,5,5,,,,6,,6,,,,,,6,6,1,1,,5,4,5,4,31,GA,31601,Lowndes GA,13
163206084,1,2,1,3,3,3,3,,,,4,2,,5,,3,2,,5,,,3,5,6,6,,,,3,6,6,6,,,,,6,,5,5,56,IA,52248,Keokuk IA,19
163212494,1,3,1,7,2,5,,3,,,4,2,,4,4,,,4,4,4,,,,6,,6,5,,4,5,,,5,,,,6,6,1,8,76,NV,89134,Clark NV,32
163212573,2,5,1,5,3,4,5,6,6,5,6,1,6,6,6,5,6,6,5,5,6,6,5,6,6,6,6,6,6,5,2,6,5,1,1,2,6,5,1,,68,TN,37138,Davidson TN,47
163213920,2,5,2,5,3,3,5,,,3,,2,,,3,1,,4,,2,4,,6,,,,4,,3,,4,,4,6,3,,,4,6,5,30,MO,63117,St. Louis MO,29
163214136,2,2,1,4,,3,,,1,,,1,1,1,1,1,,,,1,,1,5,,5,6,,6,6,6,5,,,6,,,,,6,,76,NY,10990,Orange NY,36
163220457,2,5,1,1,1,2,,,3,,,,5,5,,2,,6,,5,6,2,,6,5,,5,6,6,,3,,,,,4,6,,6,2,67,CA,95407,Sonoma CA,6
163226023,2,1,1,1,1,1,,5,,5,,1,,,5,5,,,5,5,5,,5,5,5,,6,6,6,,6,,,,,1,,,6,8,45,WA,98003,King WA,53
163229766,1,3,4,4,3,3,4,,,4,,4,4,4,,4,,4,,,4,,5,,,5,5,,5,,,5,,,5,,5,5,3,5,21,PA,19082,Delaware PA,42
163229856,2,2,1,3,3,3,5,,,,,,6,5,5,4,,6,,6,1,,6,,,6,4,,6,,1,,3,,2,,,5,5,6,45,NJ,8060,Burlington NJ,34
163229858,1,2,1,2,1,3,4,,,5,3,1,,,,4,2,6,6,,,,,,4,,1,6,5,,,3,1,,3,,,4,5,1,23,CA,92025,San Diego CA,6
163234026,2,3,1,7,2,4,,,6,6,,,6,6,,,6,6,6,,,5,,6,5,6,4,,,,4,,,,1,2,2,,2,9,65,CA,91344,Los Angeles CA,6
163245329,1,5,1,7,2,4,5,5,,,6,,,6,,4,,6,6,6,,,,6,,,6,6,,,,,6,,1,2,5,6,2,9,81,TX,75007,Denton TX,48
163247522,2,3,1,7,2,5,6,6,,,6,,,6,,6,,6,6,,6,,,,6,6,,6,,,5,,,6,,6,6,6,1,,78,VA,23113,Chesterfield VA,51
163259593,2,3,2,1,1,5,,4,5,6,5,3,3,,,,,4,,5,,,6,6,4,,6,6,6,,,,,,3,,,5,4,5,38,AL,36116,Montgomery AL,1
163269319,2,4,1,2,1,2,2,5,5,6,5,1,4,4,5,5,5,6,5,5,5,,6,6,6,6,6,6,6,6,5,5,6,5,6,5,6,5,6,,70,OK,73034,Oklahoma OK,40
163275122,1,3,1,4,3,2,3,,,,,2,,,4,3,2,3,3,2,,,,5,,,,5,4,4,,3,3,4,2,,,,6,11,56,PA,19382,Chester PA,42
163316487,1,3,1,7,2,5,,,,6,6,,,5,,5,5,6,,,5,5,,,6,,5,6,,5,1,,,,1,5,,6,1,5,52,NV,89130,Clark NV,32
163332146,1,5,1,3,3,3,3,5,4,5,5,1,2,6,5,4,3,6,6,4,6,1,2,6,5,6,6,6,6,5,3,1,3,4,6,3,3,2,6,8,66,WI,54121,Florence WI,55
163335302,2,5,2,2,1,2,,4,,4,,,4,4,3,3,3,,,,3,,6,6,4,6,,,6,,,,,,4,,3,4,4,10,32,IL,60302,Cook IL,17
163335318,1,2,1,1,1,2,4,,,,3,,5,5,2,,4,4,5,,,,,5,5,,5,,,5,,5,,4,,2,,3,6,5,67,CA,93205,Kern CA,6
163342955,2,6,1,2,1,3,5,,2,,,1,,,,,1,5,5,,4,3,6,,3,5,,6,6,6,,,,,,,3,4,4,5,38,NY,11740,Suffolk NY,36
163355779,1,1,1,2,1,1,,,2,4,2,3,4,4,,,,,4,4,,,5,5,,,,6,,,4,,,5,3,4,4,,6,10,37,MD,20716,Prince Georges MD,24
163355821,1,3,1,5,3,4,,,4,4,4,3,4,,,,5,,5,5,,,,5,,,5,5,,,4,,,,1,4,5,2,3,,56,MA,2482,Norfolk MA,25
163363813,2,5,4,,1,3,4,5,4,4,,,,5,3,2,,3,,,,,3,,6,,,6,6,6,3,,,2,,,5,,6,11,55,CA,90042,Los Angeles CA,6
163367644,1,1,1,4,3,,2,,,,2,,3,5,,,,5,5,,5,1,,6,6,5,,6,,5,4,,,,1,,4,,6,10,57,NH,3844,Rockingham NH,33
163369216,2,3,1,,,,,3,3,,,3,,,,3,,3,3,,3,3,4,4,4,,,4,,,,,4,4,4,,4,,5,3,20,UT,84041,Davis UT,49
163379465,2,5,1,3,3,1,,,,3,,1,,5,5,2,,6,,3,,2,6,6,,,,6,,6,2,,,2,1,1,,,6,2,60,TN,37917,Knox TN,47
163383444,2,5,1,3,3,2,,,3,6,,4,6,5,,,4,,,,5,4,,,3,5,,6,,4,4,3,,3,,,,4,5,6,47,ID,83201,Bannock ID,16
163389787,2,3,1,5,3,3,3,3,4,3,,,4,,2,,,,4,3,,,4,3,,3,,5,,4,,4,3,3,,,,,4,4,60,MT,59860,Lake MT,30
163395994,2,3,2,1,1,3,,,,3,3,3,3,,3,,,3,,3,3,,4,4,4,,,4,4,4,4,,4,,,,,,3,4,25,TX,77004,Harris TX,48
163398601,2,2,3,2,1,3,6,6,6,,,1,6,,6,,6,6,,,,,,,5,6,4,,,5,4,,4,5,,5,,,5,4,44,NJ,7065,Union NJ,34
163399858,2,2,1,3,,3,4,,3,,5,2,,5,,,5,,5,,,4,5,,5,6,5,,6,5,,,,,,,6,5,6,3,59,NY,14067,Niagara NY,36
163399974,2,2,3,7,2,5,5,4,5,,,4,5,5,,,,,,4,5,,6,,,,,,6,,6,6,,,,,,,5,6,58,CO,80112,Arapahoe CO,8
163399992,1,4,1,1,1,2,3,,,2,2,,,5,,2,,,,2,6,1,5,6,,,2,,,,,5,1,,,3,6,1,6,9,63,OK,74403,Muskogee OK,40
163404696,2,5,2,1,1,4,,,,2,3,4,3,4,3,,,,,,3,2,5,3,,5,4,,,,5,4,,,4,,5,,2,4,49,PA,15906,Cambria PA,42
163419395,1,3,1,6,2,4,4,5,,,6,,,5,6,4,,,5,6,,,,6,6,,5,,6,,,,5,1,,,5,4,6,4,60,CA,96022,Tehama CA,6
163421188,2,6,3,2,1,2,4,5,,,4,,4,,,,,,,,,,,,5,4,3,5,6,,,,1,3,1,,,,6,,50,NJ,7450,Bergen NJ,34
163425431,2,4,3,6,2,2,5,,5,,5,,,5,4,,,5,5,,,4,,,,,,,6,6,5,6,6,,1,5,6,,6,2,65,TX,78411,Nueces TX,48
163437301,2,6,3,7,2,4,4,,,4,4,,,,4,,4,,4,4,,4,,4,4,4,,,,,4,,,4,,4,4,4,3,12,43,TX,77546,Galveston TX,48
163446781,1,3,1,7,2,4,1,1,1,,5,1,,,,1,1,,,,,1,,4,,6,,5,6,5,2,,,1,1,,,,5,3,62,TX,77042,Harris TX,48
163450486,2,2,3,4,3,3,5,,,,5,,,5,4,3,4,,6,,,3,6,,,6,,6,,6,,,3,,,3,4,3,4,6,43,CA,90242,Los Angeles CA,6
163457478,2,3,1,6,2,4,6,3,6,,6,,3,6,,,6,,,,6,,,6,,6,6,,,6,4,5,5,,,,,6,6,,69,NV,89052,Clark NV,32
163478278,2,6,1,3,3,2,,,,5,4,1,5,5,,,3,,6,,,2,,,,,3,6,6,,,,3,,3,2,5,3,2,3,29,NC,28212,Mecklenburg NC,37
163497429,1,6,1,1,1,1,4,,2,,3,1,,6,4,,,,6,,,1,4,6,3,,,,,6,4,,1,,6,,4,,4,12,60,PA,15243,Allegheny PA,42
163517573,2,5,1,7,2,4,5,4,5,5,6,,,6,,,,,,,5,5,5,6,6,,6,6,,6,,,6,,1,,,,2,7,64,FL,32714,Seminole FL,12
163530234,2,5,3,2,1,2,,,2,5,,,6,5,4,,,5,5,,,4,,6,,,4,6,6,,3,,2,,,,4,5,5,8,35,FL,32803,Orange FL,12
163531612,1,6,1,1,1,2,4,5,,1,,1,,5,1,,,,6,2,,,,,,4,1,6,,4,,1,,1,,1,,3,1,,44,MA,2143,Middlesex MA,25
163537495,1,5,1,7,2,4,,,5,5,4,,,5,5,4,4,,5,,,,,6,,,3,6,5,5,,,3,,1,,4,,2,15,46,IA,52722,Scott IA,19
163537769,2,3,1,7,2,3,3,,4,,,4,4,,,3,4,,4,3,,,6,,,,6,6,6,,6,4,4,,,,,4,1,3,66,SD,57701,Pennington SD,46
163537786,2,2,1,2,1,2,,3,,3,,,,,,3,2,2,4,4,,,,,,3,,,,3,4,4,3,3,,,3,3,4,1,22,FL,34786,Orange FL,12
163554994,2,3,1,6,2,5,,,,3,6,3,,6,6,,,6,6,,6,,,6,6,5,,6,6,2,,,,,,3,6,,2,,57,CT,6039,Litchfield CT,9
163562279,2,5,1,5,3,3,,,4,4,,2,3,4,4,,,,2,,,2,,,,,3,6,6,5,4,2,,,,,3,3,6,11,57,CA,94507,Contra Costa CA,6
163581941,1,2,1,1,1,2,5,5,,6,,4,5,,6,4,5,,,,,,6,6,,,5,6,,,4,,,,,4,5,4,5,8,65,NJ,8554,Burlington NJ,34
163587514,2,2,2,1,1,2,,4,5,,4,2,,,,,,5,,5,5,5,,4,5,5,,6,,,,,,,,,,,2,1,41,GA,30094,Rockdale GA,13
163589563,1,5,2,1,1,1,,6,,,6,,4,6,6,,,,6,5,,1,5,6,,,3,6,,6,6,,,,,,3,4,6,8,32,AR,72143,White AR,5
163596854,1,2,1,6,2,4,,,,,,,2,2,2,,2,5,,5,5,5,,,,6,6,4,,6,6,6,,,,1,,6,1,,41,GA,30248,Henry GA,13
163637971,1,5,1,6,2,4,2,4,3,3,4,1,1,3,1,1,1,1,3,1,1,1,3,6,6,4,1,4,6,4,1,1,1,6,1,1,4,1,6,15,55,CA,90025,Los Angeles CA,6
163638065,1,4,7,7,2,3,,6,6,6,,,,6,,,6,,,5,6,5,5,,4,,3,,,5,,,3,1,,2,4,,5,9,55,MS,39452,George MS,28
163653200,2,4,1,1,1,1,,6,4,,,4,6,6,,,,,,4,5,1,6,6,5,6,4,,5,,,,,,6,,6,,6,,64,NC,28779,Jackson NC,37
163662065,1,4,2,1,1,3,3,,,,4,,4,,4,3,,,,3,3,3,,6,,,,,6,6,4,,6,,1,,6,6,2,6,62,VA,23323,Chesapeake city VA,51
163664381,2,2,4,1,1,3,,5,5,,,1,4,5,,3,5,,6,,,,,,,6,,6,1,,,5,4,1,4,2,,,6,9,67,IN,47990,Montgomery IN,18
163672857,2,2,1,7,2,2,4,4,4,,,4,4,,4,,4,,,,,4,4,,4,,,,4,4,1,,,1,1,,4,,6,3,61,MD,21133,Baltimore MD,24
163676957,2,5,2,1,1,3,,,3,5,,2,,6,,2,4,,6,,,5,3,,,,,,3,5,1,,,2,1,2,,6,4,8,57,SC,29360,Laurens SC,45
163679856,1,6,1,5,3,4,3,2,2,,2,2,2,,,,2,2,,,,,2,,,,3,,3,3,2,,,2,2,,,2,5,12,71,PA,19147,Philadelphia PA,42
163681052,2,6,2,1,1,3,,,,3,,,3,,3,,3,,6,6,6,6,,,,3,,,4,,,1,,3,6,4,2,3,5,4,25,NC,27610,Wake NC,37
163685221,1,2,1,7,2,4,1,1,,4,4,1,,,,,2,5,,2,,,1,,,5,,6,,5,2,,,1,1,,,1,6,8,68,NE,68137,Douglas NE,31
163689221,2,4,1,7,2,5,,,,5,6,2,,,,5,5,,6,5,6,,6,,6,6,,6,,,5,,,6,,2,,6,1,,59,NM,88101,Curry NM,35
163689332,2,2,2,1,1,3,3,5,5,,,1,,4,,,,5,,,4,1,4,,,6,6,,6,,,2,4,5,1,,,,5,6,73,MI,48202,Wayne MI,26
163689456,2,1,1,4,,3,,5,4,,,,6,6,,,4,,6,6,,1,,,,5,1,6,6,4,,,1,,1,,,2,6,6,30,CA,93422,San Luis Obispo CA,6
163702044,2,3,1,7,2,5,3,3,3,4,,3,,3,,,,4,,4,,,,,6,6,,6,,,4,3,,2,,2,,6,2,6,59,KS,66801,Lyon KS,20
163705773,1,2,1,3,3,4,4,,,4,,,,5,,5,,,,,,,,,5,,,,5,,4,3,,,3,5,5,5,2,6,74,MN,55805,St. Louis MN,27
163706098,1,2,1,3,3,3,3,,,5,6,1,5,,,2,,4,,,5,,5,,5,,,6,,,6,2,,,4,3,6,,5,4,38,IA,50677,Bremer IA,19
163709301,2,2,1,6,2,3,,3,,,5,1,,,,4,5,,3,2,,4,5,,4,,,,5,,4,3,4,5,,,,4,5,6,48,FL,34205,Manatee FL,12
163709750,2,5,2,3,3,1,6,4,,1,2,1,,,,,3,6,,,6,,,4,,,4,,5,,,3,4,,5,,1,6,6,1,24,CA,92262,Riverside CA,6
163713988,2,2,2,1,1,1,1,,1,1,,,1,,3,3,,3,,,3,,,,5,,6,,6,,,6,6,,,3,5,5,3,3,27,NC,27612,Wake NC,37
163721988,1,3,1,5,3,2,3,3,3,3,,,,,,,3,3,3,3,,,,3,,,,3,,3,3,3,,,3,3,,3,4,11,23,CA,90266,Los Angeles CA,6
163724624,2,3,1,1,1,1,6,,,,,1,6,6,6,6,6,,,6,,,,6,6,,6,6,6,6,,,6,,,,,6,4,3,60,IN,47905,Tippecanoe IN,18
163733932,1,3,2,2,1,2,,6,,,6,2,4,,,4,6,,6,4,,,,6,,6,,,,6,3,6,,6,,5,5,,5,7,45,IL,60064,Lake IL,17
163733935,2,2,1,1,1,1,4,4,,,,2,2,,,3,3,,,3,3,,,4,4,6,,6,,,4,,,,,3,5,1,6,4,27,FL,32176,Volusia FL,12
163738040,2,1,2,2,1,,5,,,5,,2,,5,6,2,,5,,,6,,5,,,6,6,,5,,6,,,6,2,,4,,3,1,35,DE,19977,Kent DE,10
163745204,1,5,1,7,2,5,3,,6,3,,,5,5,5,,,5,,,,2,4,5,6,,,,1,,,,1,,,1,2,1,5,9,56,NH,3868,Strafford NH,33
163760161,2,5,3,2,1,2,5,,4,6,,3,5,,5,5,,,5,,,,5,5,4,4,6,6,5,5,,,,,,,,,6,9,54,CA,91741,Los Angeles CA,6
163763631,1,3,1,4,,,4,5,5,,4,,,,,4,5,,,4,4,,,6,,,6,,,,,1,4,6,3,,3,4,6,4,35,OH,43701,Muskingum OH,39
163766980,2,4,3,5,3,3,,,5,,5,,,5,,5,6,6,,,6,6,,,6,,6,,,,6,1,,6,3,1,6,,5,8,55,NJ,7828,Morris NJ,34
163798234,1,3,6,1,1,1,2,,,2,,,4,,,3,,,5,3,2,1,,,4,,,5,,4,6,,4,,3,,4,2,6,11,57,CA,93004,Ventura CA,6
163805162,2,2,1,1,1,2,,2,,,2,,,5,,1,,5,4,5,,1,5,,,,,,,6,6,1,1,,,1,5,2,5,1,48,OR,97215,Multnomah OR,41
163825576,1,2,1,7,2,5,6,6,6,2,6,2,6,6,6,6,6,6,6,6,6,6,6,6,6,6,6,6,6,6,6,3,6,3,1,5,1,6,1,5,64,CO,80501,Boulder CO,8
163861569,1,5,1,6,2,4,4,,,,,5,,,,4,,3,5,3,3,2,,6,,5,,6,,,6,2,5,,3,,,5,4,9,51,NY,10308,Richmond NY,36
163863175,1,5,1,3,3,2,5,6,2,3,2,1,2,4,4,4,4,5,4,2,4,1,6,1,5,4,6,6,6,4,1,2,1,3,1,1,1,1,6,,63,FL,34293,Sarasota FL,12
163895018,1,5,1,2,1,3,,,,,4,2,,,5,,4,5,,5,5,4,6,6,,,6,,,6,4,,,,,5,5,3,5,14,51,DC,20037,District of Columbia DC,11
163895694,2,5,1,3,3,1,,,1,1,6,1,,6,,,,4,,2,1,,,6,,,2,6,,,,1,,3,,2,2,2,5,4,76,VT,5495,Chittenden VT,50
163901875,1,5,1,6,2,4,,,4,4,,4,,,4,5,5,,,,5,6,,4,,6,,6,3,,,4,,,,4,4,5,2,2,23,WA,99163,Whitman WA,53
163904910,2,5,1,4,3,3,,3,2,,,,,,4,,,5,4,4,5,2,,,5,4,4,,,2,2,,4,,3,,,5,4,7,39,AZ,85032,Maricopa AZ,4
163904941,2,5,2,1,1,,2,3,,,3,,,,,3,3,3,,,3,3,3,3,2,3,,,3,,,,3,,3,4,,,5,10,41,NJ,7104,Essex NJ,34
163913824,1,5,1,4,3,3,,,1,4,2,1,1,,1,,1,,,,,1,4,5,5,,,,,5,,4,,,1,2,,4,4,,58,NC,27540,Wake NC,37
163928669,2,3,1,6,2,4,,4,,,,2,,,3,2,,,3,2,4,5,2,3,6,,6,6,,,6,5,,,,,,4,4,13,52,OH,44685,Stark OH,39
163941722,2,2,1,3,,3,4,,5,6,,,5,6,5,4,,,,,,1,,,6,6,,,6,,4,5,5,6,,,5,,6,3,77,OR,97501,Jackson OR,41
163972676,2,2,1,2,1,,6,,,6,,6,,6,,6,,6,,,6,6,3,3,,3,,,3,3,,3,,,,3,3,,2,11,48,LA,70072,Jefferson Parish LA,22
163990458,2,1,1,4,3,,3,3,,,2,1,3,,4,,,5,5,,,,,6,4,,5,,6,,,5,5,,2,3,,,5,1,41,MN,56567,Otter Tail MN,27
163990578,2,3,1,,,2,3,3,3,3,3,,,,3,,,,,,3,3,,,3,3,,3,3,,3,,,3,3,,,3,2,10,19,IL,60634,Cook IL,17
163997747,1,5,1,4,,3,,4,2,,,1,,,5,4,,5,5,,5,,4,6,,,,,,5,6,2,2,,,,6,2,4,11,23,CA,93101,Santa Barbara CA,6
163997918,1,2,3,3,3,,,4,,4,,2,3,5,,1,,6,,5,,,,,,5,,,6,4,,,,4,4,1,6,2,5,2,36,CA,92025,San Diego CA,6
163998058,2,2,1,3,3,1,,,1,,3,1,5,,2,,,,6,,3,1,6,,,4,2,,,,,1,1,4,,3,3,,6,3,26,PA,17238,Fulton PA,42
164009561,2,2,1,1,1,1,,3,3,,,3,,3,3,,,3,3,3,,,,5,,5,1,,,3,5,5,,4,,2,,,5,1,24,FL,32502,Escambia FL,12
164009730,1,2,2,2,1,3,,6,,6,6,1,,,1,1,,,,1,,6,6,6,,6,6,6,,5,1,4,,,,,,,2,4,57,MI,48227,Wayne MI,26
164017427,2,5,1,2,1,3,5,6,3,,,1,,6,,2,,,6,,,4,5,,,4,,,5,,5,5,3,6,,,4,,4,10,22,IL,60188,DuPage IL,17
164018829,2,2,1,1,1,3,,6,3,6,,,6,,6,6,,6,,,,6,6,,5,1,,6,,4,,3,,,1,6,,,5,6,45,AZ,85745,Pima AZ,4
164028428,2,2,1,6,2,4,4,,4,5,5,3,6,,,,,,,,5,4,5,,6,4,5,,5,,4,,5,,3,,,,6,6,52,KS,67736,Gove KS,20
164028882,1,2,1,6,2,4,,4,5,5,5,2,,5,,,5,,,,,4,,6,5,6,,,5,5,6,4,,2,,,,,6,10,49,CT,6484,Fairfield CT,9
164031249,1,5,1,7,2,5,,,,,6,,,6,5,,5,,4,2,2,6,5,6,6,6,6,,5,5,,,,3,,,,,1,7,63,OK,74014,Wagoner OK,40
164038584,1,3,1,5,,4,5,,,,,3,4,,6,5,4,,5,,,6,,5,4,5,,6,,,5,3,,1,,,,5,2,4,25,TN,37375,Franklin TN,47
164038611,2,2,1,7,2,4,,4,4,3,4,3,,,,3,4,,,,4,,4,5,6,6,,,,,4,4,5,,,,,5,3,,61,NC,28697,Wilkes NC,37
164038699,2,2,1,5,,3,5,,5,5,5,,4,5,,4,,4,,,,,,,6,6,5,6,,,,,5,5,4,4,,,5,2,55,TX,77034,Harris TX,48
164054450,2,1,2,1,1,3,,,,,,3,3,3,3,3,3,3,3,3,3,2,6,6,6,6,6,6,6,6,6,6,6,6,1,6,6,6,1,2,50,IL,60636,Cook IL,17
164064312,1,3,1,4,,4,1,4,4,,,,,,4,,1,,5,5,,3,,1,2,,,,,6,5,5,6,1,,,,6,2,2,28,CA,95032,Santa Clara CA,6
164082139,2,2,1,4,3,1,,1,,5,,,,,6,4,,4,,6,4,4,,,6,,,,6,6,,6,6,6,,,5,6,4,6,70,NY,12582,Dutchess NY,36
164101117,1,2,1,7,2,4,,3,3,3,3,,3,,,,,3,4,,,2,3,2,,,,3,,3,,,3,3,3,,3,,2,11,57,IA,52333,Johnson IA,19
164128858,2,3,1,6,2,4,4,,3,2,5,1,5,,,,,,,,5,4,4,,,,5,6,2,4,3,,,,,3,,6,2,7,29,NV,89005,Clark NV,32
164134216,1,2,1,6,2,4,,,2,,4,2,5,3,4,,,4,,4,,,,,5,4,5,6,,,,,,,5,3,3,4,2,4,31,MI,48756,Ogemaw MI,26
164144289,1,2,1,1,1,3,,,,,6,1,,,6,3,3,6,,5,,5,5,6,,,,6,,5,,4,,4,1,,4,,1,4,50,IN,47302,Delaware IN,18
164144436,1,2,1,5,3,4,2,4,4,,,1,,,,3,5,5,,4,,,4,5,5,6,,,3,3,3,,,,1,,,,1,6,71,GA,31211,Bibb GA,13
164144718,1,2,1,3,3,3,4,5,5,4,,,5,,,,,,6,,5,4,6,6,,,5,6,6,6,,,,5,,5,,,2,7,74,AZ,85331,Maricopa AZ,4
164144805,2,2,1,3,3,1,,5,,,,4,,5,5,,,5,5,3,,2,,,,,1,6,6,5,1,2,,,4,,,1,6,3,25,TX,76301,Wichita TX,48
164149446,2,3,1,3,3,2,4,,4,,,1,,,4,,1,4,5,4,,,4,5,,5,,5,3,,,,,4,3,,3,,3,6,18,NC,28341,Sampson NC,37
164149567,1,2,1,6,2,4,6,,,,6,1,5,6,,6,,,,6,6,,,,6,,4,,6,4,6,,,,2,2,,1,6,3,30,CA,93465,San Luis Obispo CA,6
164149628,1,2,1,2,1,4,3,,,,3,3,3,,3,,3,,,,3,3,4,,5,4,,4,,,4,4,4,,,,4,,2,7,66,CO,80112,Arapahoe CO,8
164149648,2,2,1,5,,3,5,,,5,,,6,,5,4,,6,,5,6,,,5,,,,,,6,2,5,,,1,3,6,4,2,8,44,IL,60133,Cook IL,17
164153057,2,2,1,,3,3,,,5,,,4,,5,,5,,5,6,4,,4,6,6,,,4,,6,,,,4,6,3,4,,,5,2,52,CA,90650,Los Angeles CA,6
164154327,2,3,1,2,1,,4,,3,,,,4,5,3,,,,4,,3,4,,,5,,,6,5,5,,4,5,,,1,4,,5,,20,OH,44125,Cuyahoga OH,39
164154576,2,2,1,7,2,4,6,6,,,,,6,6,,,6,,,6,5,5,6,,6,6,,6,,,,,6,6,5,,,6,6,,62,FL,33904,Lee FL,12
164164502,1,2,1,,3,3,4,,3,3,,1,,,,1,,5,,4,,5,,,,,3,,,3,,2,,5,4,3,4,2,3,9,56,MA,2777,Bristol MA,25
164170200,2,3,1,3,,,4,,,4,,,,,4,,,4,5,4,4,4,,5,,5,,,,,,5,5,6,5,4,5,,5,4,33,MI,48877,Gratiot MI,26
164178184,1,4,1,7,2,4,1,1,3,,,4,,5,,,1,5,4,,,,1,2,6,5,,,6,,,5,,,1,1,,,6,7,51,PA,18015,Northampton PA,42
164183540,1,2,1,6,2,4,4,,5,5,,,,,6,,,6,4,,6,4,5,,6,,6,,6,,,3,,,3,5,6,,5,6,52,VA,24343,Carroll VA,51
164200733,2,2,1,1,1,,4,5,,,4,,,4,,,4,,4,,4,4,,6,6,6,6,6,,,,6,,,3,3,,,5,3,49,MO,63755,Cape Girardeau MO,29
164204426,1,2,1,2,1,4,,,,4,,,3,4,4,4,4,4,5,,,,,5,6,,5,5,4,5,,,4,4,,,,,5,6,64,VA,24572,Amherst VA,51
164212701,2,2,1,,3,2,3,4,4,,4,2,,,4,3,,,,,4,,5,6,,,,,,6,,5,5,6,,2,6,,6,2,65,GA,31907,Muscogee GA,13
164215704,1,3,1,6,2,3,,3,4,4,,,4,4,,,,,,4,4,3,,,,,4,6,,,,4,5,,5,5,4,4,4,8,20,NY,11782,Suffolk NY,36
164216973,2,5,3,6,2,4,,,4,,,2,,4,,4,,5,5,,5,5,4,,,,5,6,,,3,4,,2,,3,6,,4,8,30,FL,33035,Miami-Dade FL,12
164217430,2,4,1,7,2,5,,6,,,6,6,,,1,1,1,,1,1,,,4,,5,,,,6,4,1,,,,1,4,4,,6,10,51,PA,15236,Allegheny PA,42
164219029,2,2,1,6,2,3,1,,,1,1,,,,1,6,,,6,,6,6,,6,,6,,6,6,6,6,,,,6,,,6,4,4,60,PA,17111,Dauphin PA,42
164225778,2,3,1,2,1,2,,5,4,,,,,,5,3,3,6,,,4,2,,6,,,,,6,4,5,,4,,2,,4,2,5,6,20,FL,33326,Broward FL,12
164230361,2,3,3,3,,,4,,3,,3,3,,,3,3,,,3,,,,4,5,4,,2,6,5,,3,,4,,,,,,5,,25,CA,90042,Los Angeles CA,6
164245726,2,2,1,1,1,1,,5,6,,,2,5,,,,,5,6,5,,1,,5,,4,3,,,5,,,2,,,1,5,2,5,,18,CA,93535,Los Angeles CA,6
164249432,2,2,1,5,3,4,5,4,5,,,1,,,,,,,,,,,6,,,,,,,,6,6,,6,2,3,5,6,2,3,80,IA,51601,Page IA,19
164251186,1,1,1,5,,5,5,3,5,,5,,,4,3,5,,,,4,,,4,1,,4,4,,,,3,4,4,2,,,,,5,5,61,TX,76017,Tarrant TX,48
164293601,2,2,1,7,2,5,,5,6,6,,1,,,6,,,,3,,5,6,,6,6,6,,,,,4,,6,5,,1,6,,5,10,66,NE,68133,Sarpy NE,31
164296751,1,2,1,7,2,4,1,4,4,,,,4,,5,2,5,,,,,6,,1,,,1,1,1,5,,,,3,1,2,,,1,5,64,NV,89031,Clark NV,32
164305394,1,2,1,6,2,3,,4,6,5,,,5,,5,4,5,,5,,,,,,6,6,,6,5,6,6,,,,1,,,5,2,9,68,NJ,8037,Atlantic NJ,34
164309723,2,4,3,2,1,2,4,4,3,,,,,4,,4,,,4,,4,4,4,5,,,5,5,4,4,,,,,,3,,4,2,9,24,NY,10591,Westchester NY,36
164309899,2,3,1,4,3,3,3,,3,,3,,3,3,3,,,,3,3,,,3,3,4,3,,,,,,,,3,3,,3,3,2,6,26,MI,49082,Branch MI,26
164309951,1,2,1,2,1,2,3,,,4,5,1,,,3,,,5,6,2,,,,,4,4,,5,,5,2,,,6,,3,4,,5,9,64,WA,98374,Pierce WA,53
164309955,2,2,1,4,,,,5,,,5,,5,5,,2,,5,5,,5,,,6,3,6,,,6,6,,6,,,,1,,6,1,4,60,AR,72653,Baxter AR,5
164314611,1,2,2,7,2,4,5,,,5,6,1,,,,,,,,,,,6,6,5,,6,,6,,4,,,3,,5,,,3,11,65,NY,10033,New York NY,36
164318859,1,2,3,1,1,4,,5,,5,,,5,5,,4,,5,5,,,4,,6,,6,5,,6,,3,5,4,,,4,,,4,8,53,MI,48195,Wayne MI,26
164319034,2,3,1,4,3,3,,6,,,,1,,4,,2,2,,4,4,5,,,6,2,,3,6,,5,,2,,,2,,2,,4,6,28,WI,53405,Racine WI,55
164323008,1,2,1,1,1,2,,,3,,5,,5,,6,,,,,,,,,,,6,,6,,,,5,1,2,,3,4,2,5,6,70,IL,61353,Lee IL,17
164333389,2,2,1,7,2,4,4,,5,,,,4,,6,,5,,,6,5,5,,4,,6,5,6,,,,6,6,2,,,6,,5,5,80,UT,84780,Washington UT,49
164341258,1,2,1,3,3,3,2,,,,2,1,,,4,1,,4,,,4,1,,,5,6,,6,5,,,,1,1,2,,4,,6,9,40,CA,90250,Los Angeles CA,6
164341317,1,2,1,2,1,2,,,4,4,,4,,4,3,,3,,,,3,3,6,,4,,4,,,4,,,4,,3,,1,6,5,4,41,IL,60618,Cook IL,17
164344963,2,3,1,3,,2,,5,3,,5,4,5,,6,,3,5,,,,,,,1,,,6,5,,5,4,,,5,4,,2,6,5,29,MI,48310,Macomb MI,26
164352977,2,2,1,1,1,3,,4,3,2,,4,,,,,,,,,,,4,,5,5,2,,,,6,,,6,5,,,6,4,6,60,WI,54162,Shawano WI,55
164353413,1,3,1,,,,4,,4,,,1,3,3,3,,,,3,3,,,,4,4,6,,,4,4,,4,,,,4,4,,5,4,28,GA,31558,Camden GA,13
164358071,2,5,1,1,1,3,4,6,5,5,5,2,2,5,5,3,6,6,6,5,6,4,5,5,3,6,5,6,6,6,5,2,4,6,4,5,5,2,6,10,64,OK,74066,Creek OK,40
164361900,1,5,1,5,3,4,1,,,,,,1,1,1,,3,3,,2,6,,,1,6,,,,,,4,6,,,1,3,5,6,2,13,52,MO,64089,Clay MO,29
164364347,2,3,1,3,3,3,6,6,,4,,1,,5,,,2,,,4,5,,,,,6,,,,5,5,1,3,,1,,6,5,6,3,41,MA,1463,Middlesex MA,25
164365338,2,2,1,7,2,5,,4,,3,,1,5,4,,2,2,,,4,,,,3,6,6,,,,4,5,,4,4,4,,,,2,3,26,MD,21771,Frederick MD,24
164372806,2,2,1,4,3,3,,6,,6,,1,6,6,6,,,,6,,,6,,,6,6,,,6,5,5,5,,,1,2,,,4,5,71,SC,29630,Pickens SC,45
164372956,2,2,2,1,1,4,4,,,,3,4,,,,,4,5,4,,4,5,4,,6,2,1,5,,,,4,,,1,5,,,2,6,43,TX,77340,Walker TX,48
164380496,2,2,1,5,3,3,,,,,4,,4,5,,3,5,,6,4,,5,,6,,5,,6,,5,,,5,,1,3,,5,5,4,67,IL,61071,Whiteside IL,17
164380498,1,2,1,,,,4,,5,5,,1,,,5,,1,,6,,,6,,5,6,,,,5,,,2,4,,,4,6,3,4,6,60,DE,19804,New Castle DE,10
164392644,2,1,1,2,1,,4,4,,4,,1,3,,,,,4,,3,4,,,,4,5,,5,,3,,4,,4,4,,,3,5,,59,AZ,85023,Maricopa AZ,4
164392704,2,5,1,4,,4,,,4,,5,2,3,4,,5,,,,,3,5,,,,6,4,,,3,3,6,4,,3,,,6,2,2,27,UT,84721,Iron UT,49
164396494,1,2,2,2,1,,4,4,,,,,2,,,,1,,6,2,5,1,,,,6,1,5,2,,,5,,2,,,6,3,4,,25,MD,21076,Anne Arundel MD,24
164412173,2,2,1,2,1,2,,6,,4,,,5,6,,2,5,6,,4,,,,5,,5,,6,6,5,,4,4,,,3,,,4,6,31,TX,76123,Tarrant TX,48
164432611,2,5,1,7,2,5,,,,,4,1,,4,5,2,,5,5,,,5,,,,6,5,5,,6,2,5,,,1,,,5,3,,53,MI,49301,Kent MI,26
164436906,1,2,1,4,,,3,3,,3,,3,,,,3,3,,3,,3,,,,,,3,3,3,3,3,3,,,,3,3,,,6,42,ND,58801,Williams ND,38
164437894,2,4,1,3,3,3,4,5,,6,4,4,,,5,4,,,,,,3,,,5,6,,,,,3,5,,5,4,5,,5,4,11,55,AR,72201,Pulaski AR,5
164447049,1,2,1,2,1,4,,3,,,3,3,,,,3,3,3,,,3,3,4,,,,,4,,6,3,,3,,1,,6,4,5,7,74,NV,89130,Clark NV,32
164462127,2,2,1,2,1,2,5,4,,,4,,5,,,,5,5,,5,5,,,1,5,6,,,,,3,4,5,6,,,6,,2,3,67,MN,55044,Dakota MN,27
164470032,2,3,1,7,2,3,3,3,3,3,3,3,3,3,3,3,3,3,3,3,3,4,5,6,6,6,5,6,6,5,6,6,4,2,4,2,4,5,,1,33,MS,38654,DeSoto MS,28
164481371,2,2,1,2,1,3,,,3,,3,3,,3,3,3,,,3,3,,,4,,4,,,4,,,,4,4,4,4,,,4,5,5,29,IL,60007,Cook IL,17
164508883,2,5,1,7,2,5,,,5,5,,,5,5,3,3,4,,,,,6,,4,,,5,,5,,,1,6,2,,4,5,,4,10,46,TX,76542,Bell TX,48
164529562,2,1,1,,,,,4,,,4,,,4,4,,4,,4,4,,4,4,,5,,4,5,6,,,,,,4,5,6,,6,3,38,OH,43725,Guernsey OH,39
164530191,2,5,3,1,1,1,5,,,,5,2,6,5,,,,6,,,4,1,5,6,,,3,6,5,,5,,,,4,,,1,6,12,28,NJ,8902,Middlesex NJ,34
164533006,2,2,1,,3,3,,5,3,,4,,,,5,,3,,5,4,,4,3,,,6,4,6,3,4,,,,,,4,,4,4,5,36,IL,62883,Jefferson IL,17
164533197,2,2,1,,,,,,,4,,2,,5,6,2,1,,6,5,,,,,,4,4,,6,,,,4,2,4,1,5,,5,2,53,CA,94578,Alameda CA,6
164544047,1,2,2,1,1,2,,,5,6,5,,,,,4,4,,6,5,6,,5,,,6,,6,5,5,,5,5,,3,,,,3,4,61,TX,77099,Harris TX,48
164544197,2,2,1,7,2,4,3,,,4,5,1,4,,4,,,4,4,,,,4,,6,,5,,4,,,,4,6,3,,5,,2,5,50,PA,18969,Montgomery PA,42
164550957,1,2,1,6,2,,1,,1,1,,1,1,,1,,,1,,,1,,,6,6,6,6,,,,,,,,,,,,5,1,45,PA,19131,Philadelphia PA,42
164551038,2,2,1,4,3,2,3,,,,3,,,3,3,3,,,3,3,3,,3,,4,,,4,4,,,4,,3,4,,3,,3,8,28,WI,54304,Brown WI,55
164554618,1,1,1,4,,,5,4,,4,,,,,4,,4,,,4,5,5,,,,6,5,,4,5,4,5,5,3,,,,,1,1,36,AZ,85120,Pinal AZ,4
164556624,2,3,1,6,2,4,5,,,5,,1,3,,,,6,,5,4,,5,,5,6,,,6,5,5,,,6,,,,5,5,5,2,52,TN,38556,Fentress TN,47
164558043,2,2,1,7,2,5,3,,3,,,,,,3,2,4,5,5,,,5,,4,,,2,6,,4,4,,5,,1,,,6,2,9,49,NE,68504,Lancaster NE,31
164558074,2,5,8,4,3,3,3,3,,3,,1,3,,3,,,3,5,,,,,6,,4,,,3,6,3,2,4,,,,5,,2,6,22,TX,78731,Travis TX,48
164577853,2,5,1,5,3,4,5,2,1,1,,,,,5,1,,4,,4,,,,1,,,,,1,1,,6,,2,,1,4,4,3,2,26,WA,99208,Spokane WA,53
164589248,2,3,4,2,1,3,4,,,,,,,4,3,,4,3,3,3,,3,3,3,4,6,,4,,4,,,,3,4,,,,3,4,19,CA,91780,Los Angeles CA,6
164589445,2,3,2,1,1,2,6,6,,6,,6,,,,,6,6,,6,6,,6,6,,6,6,,,,6,,,6,,6,,6,4,3,33,NC,28212,Mecklenburg NC,37
164589522,1,2,1,2,1,2,,,3,3,3,,4,6,3,,2,,,3,,,,,,,,6,5,4,,2,,6,5,3,3,,6,4,32,IA,52806,Scott IA,19
164625185,2,2,3,1,1,,,6,,6,,,,6,6,6,6,,6,6,,,4,4,,,,,4,4,4,,,4,,4,4,,5,6,61,IL,60638,Cook IL,17
164625377,2,5,1,1,1,2,3,,,2,,1,3,4,,,,5,5,,6,,5,,5,5,,6,6,,,,3,,,,3,2,6,8,29,KY,40047,Bullitt KY,21
164637563,2,2,1,1,1,3,5,,5,,,,5,6,4,,,4,6,6,,,5,6,6,,,6,,6,3,,4,,4,,,,2,4,68,NY,14754,Allegany NY,36
164637752,1,5,1,,1,4,2,3,2,,,,,,2,3,,2,,3,,4,,,,,2,3,,,,3,3,3,2,4,3,,2,4,27,TX,78541,Hidalgo TX,48
164638311,1,1,1,4,3,3,5,,5,5,6,,6,,,,,6,,5,6,,,6,,6,6,,6,6,5,,,6,6,,,,5,3,54,ID,83703,Ada ID,16
164642371,1,3,1,5,3,5,5,5,,,5,2,,,5,1,,,,5,5,,5,,2,,5,,5,1,,6,1,,3,,,,5,10,24,NJ,7869,Morris NJ,34
164642449,1,5,2,2,1,3,,,,5,,,5,,6,2,2,,6,4,,1,,,,,,6,4,,2,1,,3,2,3,4,,2,2,25,TX,77014,Harris TX,48
164642553,1,3,1,6,2,3,5,6,5,3,,,6,6,,,,,6,,,6,,5,,6,5,5,5,,,4,,,,5,5,,4,1,20,MN,55345,Hennepin MN,27
164646165,2,5,3,2,1,1,,6,,,,5,5,5,5,,5,5,,,5,,5,,,6,,6,6,,,6,6,,5,,,5,5,3,22,SC,29040,Sumter SC,45
164646436,1,3,3,3,3,,4,3,,,,,,4,3,,3,,5,,4,4,4,,3,,,,,3,3,,,4,1,,4,3,5,2,42,CA,91910,San Diego CA,6
164646599,1,2,1,1,1,3,5,,2,,3,1,4,,,1,,6,,4,,,6,6,5,,,6,,,,1,,,4,3,,2,6,3,39,TX,75420,Hopkins TX,48
164655398,2,2,1,2,1,3,5,5,5,5,4,,,4,,,,5,5,,,,,6,,,6,6,,,,3,5,5,2,2,,,2,2,69,AZ,85614,Pima AZ,4
164655438,1,3,1,6,2,2,5,,,5,5,2,,5,4,5,,,,,5,,6,6,,,6,,6,,5,3,,,2,4,,,5,5,30,TN,37073,Robertson TN,47
164659160,1,3,2,2,1,3,5,,1,,5,,4,5,,4,,,3,4,,,,,5,,4,6,,,,,3,5,6,1,,1,5,3,24,TX,75115,Dallas TX,48
164659483,2,4,1,2,1,3,,5,,,3,5,4,5,,3,,5,,4,,,,,5,5,,,,,4,,2,6,1,5,,4,6,7,27,AL,35758,Madison AL,1
164665259,2,3,1,7,2,4,6,6,5,5,6,2,5,5,5,5,4,5,5,5,4,6,6,6,5,6,5,6,6,5,4,4,5,3,1,4,3,5,2,2,52,MO,65535,Crawford MO,29
164681684,2,2,2,1,1,1,2,3,4,5,6,2,4,4,6,4,5,5,3,3,5,5,4,6,3,6,6,6,6,5,3,1,6,4,3,4,5,5,5,5,30,MS,39212,Hinds MS,28
164686032,2,5,1,4,3,3,,4,,4,,,,,4,,4,4,,4,4,4,,,4,4,4,,,4,,,4,,,4,4,4,2,7,23,FL,32934,Brevard FL,12
164696676,2,2,3,1,1,3,,,,,3,,3,3,3,3,3,,,3,,3,3,,3,3,3,,3,,3,,,,,3,3,,2,1,44,AZ,85029,Maricopa AZ,4
164701520,1,2,1,1,1,,,5,,5,5,,,5,5,,,5,,,5,5,5,,6,,6,5,6,5,,5,6,,,,,,3,,61,GA,31065,Laurens GA,13
164701642,2,2,1,1,1,3,6,,,,,,6,,5,,5,,6,6,6,6,6,,,,,6,6,6,6,,,6,,,6,6,4,,75,IL,60409,Cook IL,17
164712831,1,2,1,7,2,4,4,,6,,6,4,,4,,,,,5,5,,5,,6,,,,6,,,5,4,,,,,,,5,1,53,FL,34609,Hernando FL,12
164715084,1,2,1,7,2,5,6,5,,1,,,5,,,,2,6,,4,6,,6,6,5,5,,,6,,5,5,,1,,,,,5,5,64,OH,44483,Trumbull OH,39
164719525,1,5,1,2,1,2,3,3,3,3,,,3,3,,3,,,3,,,,,4,,4,,4,4,,4,,4,,,4,4,,6,7,27,CA,94523,Contra Costa CA,6
164722615,2,5,1,3,,2,5,5,,,,3,,4,,,4,,5,4,4,,,,5,,4,5,3,4,3,4,,,5,,,,6,4,24,KY,42653,McCreary KY,21
164722694,1,3,1,1,1,1,,5,,,,,5,,4,2,3,4,,3,,1,,5,4,,3,,,4,,2,1,,3,,4,,6,2,22,MN,55947,Houston MN,27
164738861,2,2,1,1,1,4,,,,,5,2,5,,5,4,4,,5,5,,,,,6,,6,6,,6,5,6,5,,,,,5,2,4,75,FL,34997,Martin FL,12
164749836,2,2,1,1,1,2,,,3,,,1,3,,3,,3,,5,,5,1,5,6,6,5,,,,5,,,,,,2,3,1,6,8,65,NY,11714,Nassau NY,36
164759063,1,2,1,7,2,4,4,3,,4,,,,4,4,4,,,4,4,,,,4,6,,6,,2,4,,,6,,1,,,6,2,4,49,ME,4419,Penobscot ME,23
164759644,2,3,1,2,1,3,4,3,,,,2,4,3,4,,,,,4,,2,3,,2,2,3,5,,,,,4,,5,,,2,4,2,26,MO,63383,Warren MO,29
164764679,2,2,1,5,3,4,,3,,,,,3,,5,2,2,,5,3,5,,,4,5,,,5,,5,,5,2,,,2,,5,5,5,66,PA,15090,Allegheny PA,42
164764824,2,1,1,2,1,2,,5,,5,6,,,6,,,4,,6,,4,6,,6,,4,3,,4,,,4,4,6,,,,6,2,2,19,WV,25121,Logan WV,54
164775186,1,2,1,6,2,3,,5,,4,3,,4,3,3,,4,,,,,2,5,,6,6,5,6,,,,,3,,2,,,2,6,3,60,IL,62901,Jackson IL,17
164781997,1,3,1,5,,4,,4,,2,,2,2,,,2,2,,2,,4,,,6,6,,,6,5,5,,,,3,1,,3,,6,14,58,CA,92024,San Diego CA,6
164792552,2,5,1,5,,3,4,,5,5,5,2,,5,5,,,,6,,,,,6,4,,5,,3,,,2,,1,2,,6,,1,1,27,AK,99737,Southeast Fairbanks Census Area AK,2
164792821,2,2,1,1,1,3,,5,,4,3,,4,5,,,4,,,3,,1,,,,,,6,6,,5,1,,5,4,4,4,,6,2,65,NV,89403,Lyon NV,32
164796520,1,2,1,4,3,3,,3,,,2,1,3,4,4,,3,,,4,,,4,,,,3,,,,5,3,,6,4,,4,3,6,8,27,LA,71225,Ouachita Parish LA,22
164796706,2,2,1,7,2,4,3,,,,,1,2,5,,,5,,,4,4,4,5,,,,,6,6,,4,5,2,,1,,1,,4,3,67,NY,14228,Erie NY,36
164802831,2,3,1,7,2,4,,3,5,,,,2,3,3,2,,,,3,3,,,,,5,2,,,5,3,,2,3,,,4,2,6,1,59,WA,98166,King WA,53
164808094,2,2,2,1,1,2,,6,5,6,,2,6,,,,,,,6,6,6,6,,,,6,6,6,,5,5,4,,,,,5,4,,68,PA,19138,Philadelphia PA,42
164811986,1,1,1,2,1,3,4,5,,4,5,3,,5,,5,4,,,,,,5,6,5,,4,,,6,,,4,,,,4,4,6,6,54,NC,28112,Union NC,37
164822261,2,2,2,1,1,1,,6,,5,5,,,6,,2,6,6,,,5,,,,5,,,6,5,6,3,,5,6,6,,,,3,5,60,FL,33319,Broward FL,12
164822675,1,2,1,3,3,3,,,4,,3,,2,5,,3,5,,,,5,4,,,,,,5,3,5,,,5,3,3,5,3,,4,8,60,PA,17963,Schuylkill PA,42
164825917,2,2,1,1,1,1,2,,3,,2,,5,5,,,3,5,,,2,,6,,,6,1,,,,2,,,1,,1,5,2,6,10,68,CA,90804,Los Angeles CA,6
164829693,2,5,3,6,2,3,,,4,,,2,2,3,,,,4,4,4,2,,,3,6,1,3,,,3,,,,5,,4,,3,2,3,43,FL,33140,Miami-Dade FL,12
164840884,1,6,1,1,1,1,5,,,,,,6,,3,1,3,,,2,4,1,6,,,,,6,5,5,,2,,5,6,3,,,4,6,28,VA,23223,Henrico VA,51
164841500,2,3,1,,,,,6,,,,,6,6,6,,6,6,6,,6,,6,,1,2,,,,,6,,,,2,,3,4,6,1,24,TN,37922,Knox TN,47
164845840,1,2,1,7,2,5,,,,6,6,3,5,6,,,6,,5,,6,,,6,,6,6,6,6,,,,6,,1,1,,,2,3,74,TX,78343,Nueces TX,48
164863116,1,3,1,7,2,5,,4,,5,5,5,,,,5,5,,5,5,,,5,,,,5,,5,,,5,,6,2,,3,5,2,6,71,AZ,85209,Maricopa AZ,4
164863426,2,2,1,7,2,4,5,5,3,3,5,1,5,5,4,4,4,6,6,4,5,2,5,6,6,6,4,6,4,6,5,6,4,2,1,2,6,4,6,,61,CO,80643,Weld CO,8
164872068,1,5,4,2,1,2,,5,2,,2,2,,5,,2,3,,,,,1,5,6,,2,3,6,3,5,,,,,,4,,,5,,26,WA,98118,King WA,53
164879945,2,3,1,,3,3,4,,,,,,6,5,3,,5,,6,,6,6,6,6,6,,,6,,,,,5,1,4,,5,,5,,64,TX,76527,Williamson TX,48
164883797,1,2,1,,2,4,3,,,,,3,,,3,3,3,,,5,3,5,,,6,,,6,5,6,5,,,5,2,4,,,6,8,57,NY,14522,Wayne NY,36
164912639,2,4,1,6,2,3,,,,,5,3,,5,5,2,,5,5,4,,,5,,6,,,,6,6,5,,4,,1,,,5,4,11,55,AL,35811,Madison AL,1
164920812,1,2,1,5,3,4,,3,4,4,4,,,,3,4,,,4,,3,,,,6,,5,,,,,4,,5,4,3,6,4,3,9,57,WI,53132,Milwaukee WI,55
164932522,1,2,1,3,3,2,5,5,,4,,,,,2,2,,,,2,4,1,4,5,5,,,,,,3,,3,,1,3,5,,5,2,53,MO,63104,St. Louis city MO,29
164934334,1,2,1,6,2,,,,5,,,,5,5,5,5,5,,,5,5,,,6,,6,6,6,,,,4,4,,,5,,5,4,5,42,PA,15534,Bedford PA,42
164949999,2,2,1,5,3,3,,5,5,4,6,,,,6,5,,,,4,,,,6,,5,,6,6,,5,5,4,,,4,,,3,8,65,TX,77845,Brazos TX,48
164950375,2,2,1,4,,,6,,5,,,,,5,,,3,,6,4,5,3,6,,5,,5,,,,4,4,5,,,5,6,,5,5,34,MI,48091,Macomb MI,26
164950410,2,2,1,3,3,3,,,,,4,,5,3,5,4,5,,5,5,,,,,,6,5,6,6,,,,5,5,,5,6,,4,4,71,MN,55118,Dakota MN,27
164957826,2,2,1,1,1,3,,6,6,,6,,5,5,,,6,,,6,6,,5,6,5,,,,6,,,1,5,,2,1,,,,3,78,WI,53402,Racine WI,55
164962087,2,4,2,1,1,3,5,5,,,,2,,3,4,,,5,5,,4,,1,,3,6,,6,,6,3,1,,,1,,,,5,11,49,TX,75052,Dallas TX,48
164964981,1,2,1,2,1,3,5,5,,,6,1,,4,,4,,,,4,6,,,6,4,5,,,6,,5,,4,,,,4,3,5,2,56,IA,51443,Carroll IA,19
164965349,2,3,2,1,1,2,,6,,5,5,,,,6,,4,6,5,5,,,,,4,,,,,5,3,1,4,,1,3,5,,3,2,29,TN,37013,Davidson TN,47
164970960,2,3,1,7,2,4,,,6,3,5,1,,,,,,,6,4,3,4,,6,6,6,6,,6,,6,,6,,2,,,,2,10,52,CA,92646,Orange CA,6
164975487,2,1,2,1,1,1,5,,4,,6,,,5,3,4,,6,,,5,,,,,,,,,,,,,,,,,,6,2,62,FL,34759,Polk FL,12
164978948,2,2,1,6,2,2,5,5,5,,5,1,,1,,,1,,,,,1,,,6,,,6,,6,6,,4,,,5,5,5,1,,76,ND,58545,Mercer ND,38
164998843,2,2,1,1,1,2,6,6,5,6,6,4,5,6,6,5,4,6,6,5,5,5,6,6,6,6,4,5,6,5,6,5,6,6,5,4,6,6,5,3,65,TN,38366,Madison TN,47
165003182,2,5,2,,3,3,5,6,4,4,2,1,4,6,5,2,3,6,6,3,4,3,5,4,3,6,2,5,5,4,4,4,2,2,2,1,5,3,3,6,46,GA,30080,Cobb GA,13
165005456,2,3,3,1,1,1,,,1,1,,1,,,1,,,6,6,1,2,,,,,4,,6,6,5,1,1,,,,1,1,,6,5,40,MA,2184,Norfolk MA,25
165018039,2,2,1,3,3,2,,,3,,,5,,,,4,5,5,5,,5,5,,6,5,,,6,,6,1,,,3,1,1,,,4,4,76,MN,55705,St. Louis MN,27
165019982,1,1,1,2,1,3,,,,,6,,6,6,6,,6,6,,6,6,,,,6,6,6,,6,6,6,,,6,,,,6,5,2,73,ME,4046,York ME,23
165033985,1,2,1,6,2,3,,,6,5,5,4,5,,5,,,,6,6,,,,,,6,5,6,,,,5,5,,4,4,,4,5,7,53,PA,16002,Butler PA,42
165061699,2,2,1,4,3,3,5,,,,5,1,,6,,2,,6,6,5,,,5,,5,,3,,,5,,,1,3,1,3,,,4,6,74,FL,33467,Palm Beach FL,12
165062603,2,3,1,4,3,3,,6,,,,1,,6,,,4,5,,4,5,2,,5,6,5,,6,,3,5,,,,,,5,4,5,4,30,IL,61084,Ogle IL,17
165070517,2,3,1,5,3,4,6,,1,4,6,1,,,5,4,,,3,,,,5,,2,,2,,3,,,6,,4,1,4,,,4,7,28,AR,72704,Washington AR,5
165073877,1,2,2,1,1,1,6,,6,,6,6,,6,,,6,,,,6,6,,6,2,6,6,,6,,,,5,5,,6,,,1,3,63,IL,60620,Cook IL,17
165081961,2,6,1,5,3,3,,5,,5,,,5,,5,,,5,5,5,,4,,,6,,5,6,6,,5,,,5,,2,2,,5,9,27,FL,33020,Broward FL,12
165082212,1,3,1,5,,3,4,5,3,3,5,2,,,,2,2,,,,,,,,3,,,6,6,,5,4,3,,,,2,2,5,5,28,KS,67207,Sedgwick KS,20
165089675,1,2,3,7,2,5,5,,5,,,4,,,5,,5,5,,5,,5,6,,6,6,,,,6,6,,,6,,6,,6,4,4,69,CA,90604,Los Angeles CA,6
165093709,2,2,2,1,1,3,,6,3,,,4,5,,5,3,,,,,5,6,5,6,4,6,,,,,5,,4,3,,,,4,6,4,42,IN,46219,Marion IN,18
165097504,2,6,3,5,3,5,,,4,3,6,,5,,,,,,4,4,3,6,,4,,6,5,6,5,,,6,,,,,5,6,1,4,28,WA,98104,King WA,53
165102651,2,2,2,1,1,2,,5,,,5,,2,5,5,,,,5,,5,3,6,6,,1,3,,6,,4,,2,,,1,,,5,3,63,PA,19153,Philadelphia PA,42
165106626,2,5,2,1,1,,5,4,,,,,6,5,5,,,,4,4,4,,,6,,,,,,,3,1,2,6,3,2,5,,1,5,24,TX,75217,Dallas TX,48
165113485,2,3,3,1,1,4,,,2,6,,1,,5,5,,4,4,,,5,,6,,6,,,6,5,,,6,,6,4,5,,,2,7,49,TX,78572,Hidalgo TX,48
165117359,2,5,6,5,3,3,,4,3,,6,1,,,4,2,5,,5,,,,,,3,,6,,3,,3,6,4,6,,4,,,1,1,28,AR,72143,White AR,5
165117954,2,2,1,,,,,5,5,6,,,,,6,,,6,6,,5,6,,,5,5,6,6,,6,,6,6,,,,4,,2,2,54,GA,30134,Douglas GA,13
165120739,1,1,3,4,3,3,,1,1,1,1,,,,,,1,,,1,1,1,1,1,,,1,1,,1,,1,,,1,,,1,5,2,80,IL,60631,Cook IL,17
165125611,1,2,2,1,1,2,,6,,,6,3,5,5,,4,,6,6,,,,,,3,,,6,6,6,,,,1,5,5,,5,5,6,54,MD,20737,Prince Georges MD,24
165188043,2,5,4,2,1,3,4,3,4,4,4,4,3,3,3,3,4,3,4,4,4,4,3,4,4,4,4,3,4,4,4,3,4,4,4,3,4,4,2,3,31,CA,92618,Orange CA,6
165222903,2,5,2,1,1,2,,,4,4,,1,4,,,2,,5,5,4,,,6,5,,,,6,6,6,,5,,,3,,,6,6,10,44,TX,77007,Harris TX,48
165227838,2,3,1,2,1,4,1,5,5,6,6,1,4,5,6,5,6,6,6,5,5,4,6,6,6,6,6,6,6,6,3,4,5,4,2,3,4,5,3,3,61,MI,48035,Macomb MI,26
165246326,2,2,2,1,1,2,5,,5,6,,,5,5,,4,3,,6,,,,5,6,,,,6,6,,5,,,5,,4,6,,6,2,51,OH,44446,Trumbull OH,39
165251642,1,3,2,3,3,,3,,3,,,3,,,3,3,,3,3,,3,,,6,6,,,6,2,5,,,5,,,,5,5,,6,22,VA,23831,Chesterfield VA,51
165277902,1,2,2,1,1,4,,3,4,,,,3,3,5,4,,,6,,,5,5,5,,,5,6,,,4,,3,,3,,,3,4,4,48,MD,20743,Prince Georges MD,24
165280313,2,2,2,4,3,5,,,3,5,6,1,3,,,,5,5,,,4,,5,,3,6,,,3,,,,5,,3,,6,6,1,5,35,GA,30213,Fulton GA,13
165288794,1,2,3,2,1,3,,5,4,,5,,,5,,,,5,,5,5,1,5,6,,,,6,,,,,3,1,,2,1,5,6,1,19,CA,95207,San Joaquin CA,6
165288797,2,4,3,2,1,4,,4,,,,,4,,4,,4,,4,4,4,4,5,,4,5,,,6,,,5,,6,5,,1,,4,5,40,CA,91754,Los Angeles CA,6
165488092,1,4,2,3,,3,,1,,,,1,,,6,,,6,6,3,5,1,6,6,2,,,,6,6,1,,1,5,,,,,5,10,62,GA,30328,Fulton GA,13
165533918,2,3,1,5,,5,,5,,6,,,4,,3,3,,,5,2,4,,4,,6,,3,,6,4,3,,,,1,4,,,5,,55,OH,45308,Darke OH,39
165603061,2,3,1,1,1,1,,,3,6,,,,6,2,1,,6,,,6,1,6,6,,,3,,,5,2,,1,,,1,6,,6,10,59,TX,78233,Bexar TX,48
165606850,1,5,1,1,1,1,,5,1,2,1,,,,4,,,,6,,2,1,6,,2,2,,6,6,,,1,4,,,,,2,5,12,57,CA,95993,Sutter CA,6
165627046,1,5,1,5,,5,,1,1,,,1,,,,1,,4,3,1,,6,,,,,4,,3,,5,6,,1,1,4,3,,1,9,50,VA,23059,Henrico VA,51
165651107,2,4,1,5,3,3,,5,5,3,,,6,,5,,,,6,,5,5,,,,6,6,,6,5,,5,,,3,,3,6,2,,60,MA,1337,Franklin MA,25
165669256,2,4,7,1,1,2,,6,,6,6,,,,3,,2,,6,3,6,,,,6,6,,6,,6,6,,,,3,,6,6,5,2,61,OH,43748,Perry OH,39
165703090,1,5,3,4,3,3,,5,2,,,1,,6,3,,,,6,,1,1,5,,5,4,1,,6,,6,,,1,,,4,,5,9,51,MA,2143,Middlesex MA,25
165722399,1,3,6,4,3,3,,3,,3,4,1,6,,,,4,,,4,5,,,5,6,6,5,,5,,,,6,4,,,,6,5,5,59,VT,5733,Rutland VT,50
165737677,2,2,7,4,,5,1,,,1,,1,1,1,1,,,,,1,,6,,,6,2,,6,,6,,5,,6,,1,2,,4,5,45,TX,78666,Hays TX,48
165777938,2,3,1,1,1,3,,6,,,6,6,,6,6,,6,6,6,,,,6,,,,6,6,6,,4,6,6,,,1,,,2,,59,MS,38863,Pontotoc MS,28
165789851,2,3,1,6,2,4,3,3,4,,5,,4,4,,,,5,5,,,,,3,,6,,6,2,3,,4,,3,1,,,,3,8,60,FL,32619,Gilchrist FL,12
165852690,2,3,1,5,3,4,,4,3,3,,2,4,,,2,,,4,,,5,,,5,,6,6,5,,2,5,5,,3,,,,1,,47,FL,32570,Santa Rosa FL,12
165911463,1,5,1,5,,4,1,,,,,,1,2,2,4,,,4,,2,4,,,,4,,5,,1,6,,4,1,,3,,4,5,5,47,IL,60561,DuPage IL,17
165914318,2,5,1,5,,5,1,1,,,,1,1,,2,,,,,1,3,5,,2,6,6,,6,,,2,,5,5,1,,,,2,,62,NM,87107,Bernalillo NM,35
165977154,1,4,1,5,3,4,,5,,5,,2,3,,,2,5,,,4,5,,5,,5,6,,,3,6,6,,,3,2,,,,5,3,55,MO,65240,Boone MO,29
166455316,2,2,3,,1,3,,1,2,1,,,1,1,,,1,,3,3,,,,,,,2,,,1,3,,1,6,,4,6,6,6,1,46,NM,87121,Bernalillo NM,35
166495278,1,3,1,5,,5,4,5,,,,,,5,5,,5,6,5,4,,,5,,6,,2,,,4,,5,,4,1,2,,,6,6,60,AZ,85204,Maricopa AZ,4
166503706,2,6,1,1,1,1,,,3,4,5,,,5,4,,,6,,4,,1,5,,5,4,,6,6,5,4,,2,,,,,,5,7,57,AZ,85225,Maricopa AZ,4
166515605,2,6,1,3,3,3,5,,5,,4,2,,4,4,3,,,,,,2,,5,6,,,6,,6,,5,1,,,,4,4,2,8,63,IN,47331,Fayette IN,18
166554549,2,4,1,5,,5,,3,6,,,,,5,5,6,,,2,,6,,,1,,,6,,,3,,6,,1,,5,6,6,2,7,57,MD,21152,Baltimore MD,24
166557485,2,6,1,1,1,1,6,,,2,,4,6,,,,6,6,6,,,1,,6,,3,,6,,5,,,2,,,2,2,2,6,15,56,CA,95060,Santa Cruz CA,6
166563472,1,6,4,2,1,3,,5,2,2,,1,,5,,2,,,,3,,1,,6,,5,,,6,,,2,5,5,,3,3,,4,11,56,CA,94539,Alameda CA,6
166563766,2,6,1,4,3,3,,4,,3,,,,6,,,4,5,6,,4,1,6,6,3,,5,,,,5,,,,,1,1,1,,4,61,IN,46383,Porter IN,18
166564049,1,6,1,7,2,5,5,,6,6,,1,,,6,,4,5,5,,,,3,,,6,,6,,6,,,,2,1,5,5,,2,9,61,VA,23901,Prince Edward VA,51
166566051,1,3,1,1,1,1,3,,,,4,5,5,6,,5,,6,6,,,,,,,4,2,3,6,,5,,3,,2,,3,,5,10,52,NM,87059,Bernalillo NM,35
166569748,2,6,1,6,2,4,,,5,4,6,,6,,,3,,5,6,,,6,4,2,,4,,,4,5,,4,,,1,,6,,1,3,54,TX,78641,Williamson TX,48
166593020,1,6,1,5,,4,,3,4,4,,,,,4,4,,5,5,,,6,5,,,6,3,4,3,,,6,,1,,3,,,1,11,58,PA,17263,Franklin PA,42
166599072,2,2,2,1,1,3,,,,,4,2,2,5,5,3,5,,5,,,,,6,,6,6,,6,5,3,,,3,,,6,,2,1,52,MI,48203,Wayne MI,26
166611731,2,6,1,1,1,1,4,4,5,4,6,1,2,3,4,2,6,5,5,4,4,1,5,6,6,6,5,6,6,6,4,1,3,6,2,3,5,3,3,6,61,TN,37130,Rutherford TN,47
166613557,1,6,1,5,,4,4,,,,5,3,,,6,,5,5,,4,,5,6,,,,6,6,,6,2,,,,1,,3,4,2,12,60,VA,22309,Fairfax VA,51
166619405,2,6,1,7,2,4,,5,,2,,4,4,,,,,5,,4,4,3,,,6,6,2,6,,,2,,,1,,6,5,,6,,60,IL,60015,Lake IL,17
166630185,1,6,1,5,,3,3,3,,4,3,,3,,,4,,,3,4,,,,,,5,,5,4,,4,,5,2,,4,5,,5,11,51,MO,63131,St. Louis MO,29
166635290,2,6,1,7,2,5,2,1,,,,,1,2,1,,4,5,,,,5,5,6,,5,,6,,6,,,5,,,3,,6,2,10,60,TX,79360,Gaines TX,48
166644784,1,3,1,7,2,4,1,2,5,,,,2,3,,2,,,,3,2,,2,1,,,,,,5,,6,2,,1,2,5,,5,3,64,AZ,85140,Maricopa AZ,4
166662315,1,5,1,4,,3,1,,1,,1,1,1,,,1,1,,,1,,,4,3,,3,4,6,,,,5,4,,,,3,,6,,57,LA,70517,St. Martin Parish LA,22
166663720,2,3,1,6,2,,6,,,,,3,4,5,,,,,,,,,,,5,6,,,6,6,,,,,,,,,5,2,53,MS,38834,Alcorn MS,28
166692069,2,6,1,5,3,4,,6,,6,6,3,6,,,,6,6,,,6,,5,6,,6,6,6,,6,,,,,1,,,6,2,5,64,AZ,86413,Mohave AZ,4
166734648,1,5,1,1,1,2,,,2,,6,1,5,6,,2,5,,,,4,,6,,5,4,,,,6,1,,,2,,2,,1,6,9,62,MN,55410,Hennepin MN,27
166762146,2,6,1,1,1,1,5,5,1,1,1,1,2,5,2,2,6,5,6,1,5,1,4,5,5,6,6,6,6,5,5,2,1,6,1,1,1,1,6,9,57,OR,97070,Clackamas OR,41
166769214,2,6,1,5,3,4,,5,5,4,,,4,,6,,,,6,5,4,,4,,,4,2,,6,6,,1,2,,,1,,,4,13,54,IN,46220,Marion IN,18
166799492,1,6,1,7,2,5,2,,6,5,4,5,,3,,4,5,,,,,,,,,6,,6,6,,4,,1,1,1,,6,,4,11,56,MT,59804,Missoula MT,30
166940012,1,4,1,4,3,4,5,6,2,1,3,4,5,6,1,2,1,6,6,2,1,1,6,6,1,1,1,6,6,6,4,6,1,2,6,3,1,1,6,,74,TX,75206,Dallas TX,48
167020021,2,3,1,4,,3,5,,,,5,2,,6,4,,6,,,5,6,,,5,,5,5,,,5,,,,1,,,,1,6,2,36,NM,88310,Otero NM,35
167047556,2,1,1,,,,,,,,,,,,,,,,,,,,,,,,,,,,,,,,,,,,4,2,35,TN,37777,Blount TN,47
167434824,2,2,1,1,1,,5,5,,,,,,5,3,3,,3,3,,,,6,,,,6,6,5,5,,4,,,6,,5,,3,1,31,VA,24631,Buchanan VA,51
167452371,1,2,1,2,1,,2,,4,,3,1,,,,4,,5,,4,,2,6,,,,3,,5,4,2,,6,,,4,1,,6,3,65,TN,37909,Knox TN,47
